userName,score,content,at,thumbsUpCount
Nihal Kumara,2,Pofile not saver,2025-06-13 17:35:31,0
John Adebare,5,this application is good,2025-06-13 17:35:27,0
Anil Mehta,5,good,2025-06-13 17:34:44,0
Mohamed Alham,5,not good,2025-06-13 17:33:42,0
Tamika Amos,5,love this app,2025-06-13 17:32:19,0
Khuzema Barwahwala,5,Good,2025-06-13 17:32:13,0
Nanak Chand,4,exellent,2025-06-13 17:31:40,0
Ayesha Abbasi,5,only one use it,2025-06-13 17:31:39,0
Rohit Sidagam,1,Cannot verify my email as whatsapp isnt sending any email to my id with 6 digit code.,2025-06-13 17:31:10,0
Ashish Sharma,5,Mast h bhai,2025-06-13 17:31:04,0
Chandroudayam Malayalathan,5,good app very nice work,2025-06-13 17:30:42,0
LIHLE MAHLANGENI,2,it sometimes changes date without consent and takes time to default to the right time and date,2025-06-13 17:30:34,0
Mr Alamin,5,good,2025-06-13 17:30:01,0
Chetan Mali,5,ğŸ˜„ğŸ˜„,2025-06-13 17:29:42,0
Nawaz Khan,5,great app for communication,2025-06-13 17:28:50,0
Mphow Entle,5,It's good,2025-06-13 17:28:14,0
Nazilaa,2,kenapa wa di hp gw belum ada fitur musik di status wa nya woi ğŸ˜ ğŸ˜ ğŸ¤¬ğŸ¤¬,2025-06-13 17:27:34,0
Asanda Zulu,1,i can't get a verification code,2025-06-13 17:27:27,0
Dedi Suhardian,5,Bagus,2025-06-13 17:27:04,0
AD Sharma,5,excellent,2025-06-13 17:26:57,0
Nicholas Jenkins,5,brilliant communication app,2025-06-13 17:25:04,0
Okechukwu David,5,very good,2025-06-13 17:24:54,0
Muhh Afdall,5,Good WhatsApp,2025-06-13 17:24:16,0
Monsurat Abdullateef,5,love dis,2025-06-13 17:23:47,0
Jamiila Clqaadir,5,this is the best Whatsapp,2025-06-13 17:22:54,0
Gopi Jangid04,1,good jangid,2025-06-13 17:22:44,0
Tahir saood,5,good what sapp,2025-06-13 17:22:32,0
Deep Mondal,5,Bas,2025-06-13 17:21:28,0
Nusrat Yasmeen,3,ok- ok,2025-06-13 17:18:09,0
Oliva Pacomio,4,good,2025-06-13 17:17:32,0
Loyiso Nqobile,1,it help me to connect with others,2025-06-13 17:17:10,0
Saru Waiba,1,no good,2025-06-13 17:16:01,0
Naveed Ramzan,5,Very nice and easy to find a cure,2025-06-13 17:15:38,0
Zly Doank,4,bubble chat nya gabisa di ubah.,2025-06-13 17:15:24,1
Reni R,5,nice,2025-06-13 17:15:16,0
Krishan Bajiya,5,very useful app,2025-06-13 17:15:08,0
Sankik Suman,1,I am not able to open this app directly from screen... it's only opening via playstore's OPEN button. Complete waste of time.,2025-06-13 17:14:31,0
Singer_kanu,5,nice,2025-06-13 17:14:25,0
Vishalamma Vishalamma,5,wats up secure,2025-06-13 17:14:20,0
Abhay Inamdar,3,very nice,2025-06-13 17:14:01,0
Akhtar Jatt,5,Acha App,2025-06-13 17:13:20,0
Mian Umer,5,ğŸ˜‹,2025-06-13 17:12:17,0
Shamas Waseemgill,5,Good,2025-06-13 17:11:58,0
Javed Awan,5,good,2025-06-13 17:11:30,0
Dr. Grace Glynn Goedhart,1,I lost whatsapp off my phone and for some reason NONE of my messages were resaved on my phone,2025-06-13 17:11:13,0
JC STYLE,3,Good,2025-06-13 17:10:58,0
M.shyamala devi,5,it is best app for videocall,2025-06-13 17:09:03,0
Forever developers26sales,1,I am not able to use my new activated no due to spam.,2025-06-13 17:08:28,0
grasy vartanian,5,ğŸ‘ğŸ‘ğŸ‘ğŸ‘,2025-06-13 17:06:37,0
Suma Pc,5,good,2025-06-13 17:06:13,0
Alexandre CIOT,1,I do not want nor need meta ai.,2025-06-13 17:06:01,0
Daniel Stanton,5,An excellent communication APP,2025-06-13 17:05:43,0
MANISHA ARYA,5,Great,2025-06-13 17:05:25,0
Jacob Fayemi,5,But i want to change this account,2025-06-13 17:05:18,0
DWAYNE Aden,5,I love this app.. ğŸ”’,2025-06-13 17:04:52,0
Md Jubayer Molla,1,not install,2025-06-13 17:04:43,0
Francisca Uzochi,5,I went to recover my WhatsApp,2025-06-13 17:03:38,0
Christiana Biola,2,Why is my account always entering spam,2025-06-13 17:03:27,0
Ahmad Muhammed Alaasa,5,I love this app,2025-06-13 17:03:19,0
Ravi Jee,5,I love whatsapp,2025-06-13 17:03:01,0
Hesei Kipgen,5,very useful for me,2025-06-13 17:02:18,0
Hassan Zayno,1,"The app is great.But the new update has created some problems.So when the new update came out the contacts list got kind of scrambled.So now when someone calls me on WhatsApp, when I want to check who called me from my watch the name no longer shows up.Only the number.Please fix this. Thanks in advance, Best Regards,Hassan",2025-06-13 17:01:44,0
Md Jahidul Islam,5,Excellent,2025-06-13 17:01:42,0
Gopal Banjara,5,mast app he yaar,2025-06-13 17:01:21,0
Kajal Rajput,1,worst,2025-06-13 17:00:32,0
Ronald Amanor,5,perfect,2025-06-13 16:59:20,0
Almond Paul Dlamini,2,good but not happy that the app does not download and save,2025-06-13 16:59:14,0
Shaheena Parveen,5,very nice,2025-06-13 16:58:26,0
Md Asir,4,mast hai yaar bhai,2025-06-13 16:58:16,0
Patrick Ahadji,5,I will always be there,2025-06-13 16:57:32,0
Pezo Mwale,1,I love WhatsApp,2025-06-13 16:57:31,0
Innocent Dimpho,5,it is easy to communicate with people regardless of the distance,2025-06-13 16:57:05,0
Suraj Tiwari,5,my whatsapp messenger not login,2025-06-13 16:56:36,0
Ashwin Alocious,5,ğŸ˜€,2025-06-13 16:55:37,0
Pankaj Kumar Jaiswal,1,force stop is not working any more...please Ã§hek this,2025-06-13 16:54:24,0
John basil,5,amazing ğŸ˜ğŸ˜ğŸ¤©,2025-06-13 16:53:34,0
Modisanyane Marekwa,5,all in one,2025-06-13 16:51:45,0
Shahidmagloo Shahid,5,ğŸ˜,2025-06-13 16:51:21,0
Raziya,5,watsapp open,2025-06-13 16:50:33,0
Ranjeeta Kumari,5,good,2025-06-13 16:50:31,0
korede adeniji,1,Reliable,2025-06-13 16:50:06,0
Kate Lydia,5,It's kinda of cool but why do I update this everytime,2025-06-13 16:50:06,0
Diam Monai,5,download app,2025-06-13 16:49:43,0
Daniela Katombela,5,Easy and Direct,2025-06-13 16:48:48,0
Dahiru Sani,5,very nice chat,2025-06-13 16:48:16,0
SHIKHA SHARMA,1,I have not done anything against the term and conditions of whatsapp but still after every 2 3 days my whatsapp gets bannedğŸ˜‘I hate this thing like why the hell is this happening.I have to send a request to whatsapp then it works otherwise it doesn't. I have been using this app since so long but it's been 6-7 monthsğŸ˜£please whatsapp team solve this issue ğŸ™I have a lot of work through whatsapp and it's all stuck because of this all,2025-06-13 16:47:49,1
Muhammad Rohan abbass,1,everyday whtsup was banned plz solve this problm,2025-06-13 16:47:43,0
md manouwar,5,please help me my what's app is not opening this account is no longer problem,2025-06-13 16:47:00,1
Maredi Mphahlele,5,Good,2025-06-13 16:46:55,0
Muhammad Waleed,1,Absolutely zero in privacy,2025-06-13 16:45:43,0
Cahmea Flor Cirunay,5,The only app I use to communicate abroad,2025-06-13 16:45:19,0
Mohammad Arsal,3,that checking for messages notification is too much irritating!,2025-06-13 16:44:57,0
Farhan Malik,5,very usefull app,2025-06-13 16:44:43,0
Jotimoy Gayen,5,Good service,2025-06-13 16:44:27,0
Eunice Adeoye,5,I want to update my WhatsApp,2025-06-13 16:44:07,0
Assimah Razak,5,I enjoy using thos app,2025-06-13 16:43:41,0
Vincent Mutua,5,excellent,2025-06-13 16:43:11,0
Mangar Makuei,5,very good app,2025-06-13 16:42:41,0
Sky Silver,5,"I can't access my account anymore, why",2025-06-13 16:41:59,0
Chandan Guchhait,1,My account is banned due to no reason. please help me to restore my account.,2025-06-13 16:41:18,0
Abdulrosheed Shakirat,3,Good app love it so much,2025-06-13 16:39:12,0
Mariam Khatun,5,wow,2025-06-13 16:38:46,0
sarwat naz,1,worse,2025-06-13 16:38:44,0
Namrata Amol Choudhari,2,what's app account problem,2025-06-13 16:38:22,0
Sameer Agrawal,5,good,2025-06-13 16:38:00,0
Abdulrahman Ibrahim,3,but it's bulky,2025-06-13 16:37:30,0
Kolawole Samuel,5,But why is my own app not showing the tying and microphone icon when the person texting me is typing or recording an audio even after I keep updating the app everytime,2025-06-13 16:37:01,0
Pradeep Kumar,5,Secor pletphorm,2025-06-13 16:36:50,0
Tazeemjutt Tazeemjutt,5,nice,2025-06-13 16:36:07,0
Juma Gul,5,good,2025-06-13 16:35:49,0
Irene Gakii,4,it's a good app but the only problem is that you keep on adding unnecessary updates,2025-06-13 16:35:47,0
Nokutenda Kusemwa,5,great,2025-06-13 16:35:22,1
fatima khan,5,Best ever,2025-06-13 16:34:46,0
Eriya Edward,5,it's the best messaging app,2025-06-13 16:34:26,0
Miheso Antony,5,better but still my whats still lagging,2025-06-13 16:33:24,0
Deepa Anand Patil,5,Good,2025-06-13 16:33:22,1
Cliff Afful,1,My WhatsApp account hacked,2025-06-13 16:31:35,0
Zain Umar Anwar,5,"Hi Dear WhatsApp team, I have a problem you have chat lock it's good but we need to lock call section also please update this one",2025-06-13 16:31:24,0
Gumoshabe Grace,5,good app,2025-06-13 16:31:23,0
butler John,5,fun,2025-06-13 16:30:40,0
Lawal Nurudeen,5,This app is the best âœ¨ğŸ¥²,2025-06-13 16:30:21,0
Lakshminarasimhan,5,Saving a lot of my time amazing interface and user-friendly,2025-06-13 16:28:23,0
Aditya kumar Sah,1,good,2025-06-13 16:27:51,0
Lochi Tharu,5,ğŸ¤,2025-06-13 16:27:25,0
Dinesh Sen,2,baad,2025-06-13 16:27:10,0
Ahmed Ahmed,1,WhatsApp Uninstall Because Not Working. WhatsApp Code Not Received. This is no help full app.,2025-06-13 16:26:07,0
Raj Gangode,5,good,2025-06-13 16:24:34,0
Moses D. Toe,5,I love this app but I can't just understand why recently it always lock by itself after few mins of use,2025-06-13 16:23:34,0
Simar J,1,each update gets worse,2025-06-13 16:22:55,0
Shbar Ali,5,good,2025-06-13 16:22:54,0
Young,5,ğŸ˜Œ,2025-06-13 16:22:27,0
Alfin Rafioen,2,User interface Whatsapp menyulitkan orang sepuh,2025-06-13 16:22:24,0
Arvo,5,"hey whatsapp, the stts music is good and all but, its so boring none of the music is really my taste, could you like add Spotify or smthing?",2025-06-13 16:21:43,5
Nur Hamizah,5,"Whatsapp is a very reliable messaging app that offers end-to-end encryption, voice/video calls, and group chats. Itâ€™s user-friendly and ideal for staying connected globally with minimal data usage. This app is great for both personal and professional communication.",2025-06-13 16:21:34,0
Mr Shanto,5,mc.,2025-06-13 16:21:02,0
sachin bagul,2,okogood,2025-06-13 16:20:52,0
Teemah Minister,5,nice,2025-06-13 16:20:23,0
Hatdeinuam Zou,1,goodğŸ‘,2025-06-13 16:19:50,0
Md Imamuddin,1,Mdlm WhatsApp Mera block ho gaya hai,2025-06-13 16:19:12,1
Connor McTaggart,1,that whatsapp is not good for me,2025-06-13 16:18:04,0
J Subramony Janardhanan,5,amazing,2025-06-13 16:18:02,34
Abdullah Kurovi,5,Awesome,2025-06-13 16:17:59,0
Mehul Parmar,5,malde,2025-06-13 16:17:38,0
Udasi Karim Baloch,5,wow the great apps,2025-06-13 16:16:39,0
Rahul godase,1,privacy no secure,2025-06-13 16:16:29,0
Botsdale INC,5,ok,2025-06-13 16:16:27,1
Daksh Preet,5,nice,2025-06-13 16:16:21,0
Ariful Islam,5,nice app very nice app,2025-06-13 16:15:51,0
Singer kajal Deep,5,no problem WhatsApp please,2025-06-13 16:15:45,0
Kapil Goyal,1,my whatsapp account is blocked.despite many mails it still sucks.no proper customer support,2025-06-13 16:14:58,0
Mujeeb Rahman,5,good,2025-06-13 16:14:39,0
Vivek Raj,1,WhatsApp not working,2025-06-13 16:14:24,0
Rauf Akram,3,good,2025-06-13 16:13:01,0
Syed Sadique Hussain,5,good,2025-06-13 16:12:43,0
Swadhina Bastia,5,nice,2025-06-13 16:12:39,0
Yogesh Raut,5,Very good service & Excellent.,2025-06-13 16:12:34,13
Billy Murphy,1,how can I rate this I don't know if this is a fake,2025-06-13 16:12:22,0
M Ahmad,4,Its too good for chating friends and also we can describe our feelings for ever message.but one week point that it become useless till we not again update it after some months .It should be free for use without any updating.,2025-06-13 16:12:09,0
Neze Mercy,5,Best for business,2025-06-13 16:11:43,0
Alhassan Barkisu,2,incredible app,2025-06-13 16:11:39,0
Dik Dok,5,good service,2025-06-13 16:11:03,0
Thein Aung,5,Good,2025-06-13 16:10:23,0
Dynoo Anyoo,5,this app so fast and user friendly. this app also can use to contact family and others people. so far i was use in 5years above. always up to date this app. i love it.,2025-06-13 16:09:41,0
Dilshan Islamic,5,very worst app only for me because my account is banned without any reason,2025-06-13 16:09:02,1
Tochi Amadi,5,I love The app,2025-06-13 16:08:11,0
tarun rawat,4,good,2025-06-13 16:07:35,0
Dipla Thoda,5,very nice app in whatsApp,2025-06-13 16:07:13,0
Hariom das parkhi Hariom das parkhi,5,Good,2025-06-13 16:07:12,0
Innocent Boy,5,very nice ğŸ‘ app,2025-06-13 16:07:02,0
akgom,5,good,2025-06-13 16:06:54,0
Rahul Patel,5,Good ğŸ‘,2025-06-13 16:05:29,0
Mehdi Nayyeri,5,I really enjoy using wsths app and I can't live without!,2025-06-13 16:05:26,0
Pankaj Bhatt,5,very good,2025-06-13 16:03:31,0
chukwunonso nelson ezekafor,4,Good,2025-06-13 16:03:22,0
Roshani h Chaudhary,5,nice. app,2025-06-13 16:03:06,0
Israil Khan,5,this is very good,2025-06-13 16:02:34,0
One,5,this app very2 so so nice thanks plays store sukanğŸ˜,2025-06-13 16:01:07,0
Clinton Ayiku,5,WhatsApp is good,2025-06-13 16:01:03,0
nuvindu widanagamage,5,à¶”à¶¶ copy à¶šà¶»à¶± à·ƒà·‘à¶¸ à·€à·à¶šà·Šâ€à¶ºà¶ºà¶šà·Šà¶¸ clip à¶‘à¶šà¶šà·Š à¶½à·™à·ƒà·’à¶±à·Š à¶¸à·™à·„à·’ à¶¯à·’à·ƒà·Šà·€à·™à¶ºà·’. à¶‘à¶¸ clips à¶‘à¶¶à·“à¶¸à·™à¶±à·Š à·€à·à¶šà·Šâ€à¶ºà¶ºà¶¸ à¶‘à¶šà·€à¶» à¶½à·’à·€à·’à¶º à·„à·à¶š.,2025-06-13 16:00:57,0
Subha deep Das,3,video calling stuck on oneplus 12R,2025-06-13 16:00:26,0
zeba parveen,3,"everyone is tried but there is one problem, I have my own number on WhatsApp, but the name is not working, but I have drunk my own number, this is happened after the update. ???",2025-06-13 16:00:26,0
Pushon Hawladar,5,good,2025-06-13 16:00:23,0
Rahul Sharma,1,problem to open my WhatsApp,2025-06-13 16:00:06,0
Younes Hamadou,5,wow,2025-06-13 15:59:48,0
Mahlatse Nhlanhla,5,easy to use and very helpful â¤ï¸â€ğŸ”¥,2025-06-13 15:58:07,0
Adnansami Sami,5,Thanks again,2025-06-13 15:58:04,0
Karan,1,it's been 5 years I am using WhatsApp but now they ban me without giving me any instructions what a joke,2025-06-13 15:57:43,0
Hashim Malek,5,good,2025-06-13 15:57:36,0
Shahbaz Soomro,5,Good,2025-06-13 15:57:28,0
Shaik Hussain Al Amoodi,4,Good,2025-06-13 15:56:27,0
Albert Ross,1,to many adverts confusing.,2025-06-13 15:55:58,0
Zohaib S,5,nice app,2025-06-13 15:55:16,0
Randy Mark,3,my WhatsApp account nolonger in use,2025-06-13 15:55:09,0
Ramesh Kumar Kumar,5,ok,2025-06-13 15:55:06,0
Olami Ayo,1,"this app is the most horrible app I have ever seen,, banning my account every second without doing anything wrong,,,",2025-06-13 15:54:52,0
Abdulrasheed Muhydeen,5,Very good,2025-06-13 15:54:29,0
Jerry Moilwa,5,sends messages internatoinally,2025-06-13 15:53:25,0
Subhendu Mahish,5,Good,2025-06-13 15:53:14,0
Emmanuel Ayokunnu,5,Okay,2025-06-13 15:53:06,0
Mohammad Sahibi,5,Good,2025-06-13 15:52:50,0
Iliyas Kabir,5,It is a good app,2025-06-13 15:52:23,0
Mehboob Hassan,5,This is a wonderful app,2025-06-13 15:52:17,0
Madhuri Bhati,5,good ğŸ˜Š I like this app,2025-06-13 15:52:17,0
Poojasharma parthsarma,1,Status par song ka option hi nahi aaya update karnea par bhi,2025-06-13 15:50:21,0
Paras Karadiya,5,Excellent,2025-06-13 15:49:56,0
Avijit Ghosh,5,good app.,2025-06-13 15:49:46,0
Bbossa Samuel,5,Good,2025-06-13 15:49:08,0
Mohan Yadav,5,excellent,2025-06-13 15:49:03,0
Katherine Chan,2,My name displayed in WhatsApp appears as mobile no. previously it was labelled as my name. What happen to it? Pls fix,2025-06-13 15:49:02,0
à¦œà¦¾à¦¨à¦¾à¦° à¦¦à¦°à¦•à¦¾à¦° à¦¨à§‡à¦‡,1,bad ğŸ˜,2025-06-13 15:48:28,0
Map,1,I am facing trouble on my WhatsApp. my account has banned . but I don't know why .,2025-06-13 15:47:59,0
Orifha Maphwanya,5,This app is so much easy to understand and download your apps,2025-06-13 15:47:43,0
linear momentum,5,", J",2025-06-13 15:47:38,0
Naveed Ulhasan,1,please back the mic tapping sound gundu,2025-06-13 15:47:38,1
Syed Fadhiel,5,Best apps ever.. for chating and group chat.. ğŸ˜ğŸ˜,2025-06-13 15:45:14,0
Saviour Eshiett,4,I've been blocked for spamming so many times(that i know nothing about) and this last time my account was finally blocked for good for no reason at all except telling me that my account goes against whatsapp's terms if service. Whi ch/what terms of service!! Because i've read everything and i'm rather certain that i've not violated anything,2025-06-13 15:44:15,1
Shivam Dubey,5,good,2025-06-13 15:43:52,0
imtiyaj ahir,5,ğŸ’›,2025-06-13 15:43:39,0
Stefan,1,I keep getting banned for creating a small group of 6 people. they eventually restore access but I still can't create a group. absolutely terrible. especially since I lose access to my messages for several hours in the meantime,2025-06-13 15:43:15,0
Arsaldo Donguya,5,five star.. very useful apps,2025-06-13 15:42:29,0
PREM PRAKSH VERMA,5,excellent,2025-06-13 15:42:20,0
Arijit Dasgupta,1,Its good for text and video call also.,2025-06-13 15:42:03,0
Blessing Friday Uko,5,But de always bum my WhatsApp account all dey time,2025-06-13 15:41:21,0
Gopal X,1,please help me my WhatsApp is not opening fixed this account can no longer use WhatsApp,2025-06-13 15:41:03,0
Shivank Pandey,1,sahi,2025-06-13 15:40:28,0
Sibusisoncube Sibusisoncube,5,this app is a good app,2025-06-13 15:39:42,0
Ehtysham Haneef,5,It is very useful for all contact,2025-06-13 15:38:47,0
Alif Anam,5,Very good condition,2025-06-13 15:38:29,0
Waseem Khan,1,"Please consider bringing back the voice note tapping sound or add an option to enable/disable it. Without it, I'm experiencing confusion between accidental and intentional taps, especially in noisy environments or when switching chats quickly. The sound provided clear feedback and made the experience more responsive. Thanks!",2025-06-13 15:38:15,0
Monika,5,This app is so goodv,2025-06-13 15:38:00,0
Marek Martyn,1,"Meta platform blocking WhatsApp, telling me ""this version of WhatsApp became out of date on 27 May 2025"". Google Play Store saying that the application was updated 10 June 2025.",2025-06-13 15:36:00,0
Awwal Soyinka,5,A very good app but I don't like every time updating what's up.,2025-06-13 15:35:55,0
Hafizmuhamad Suleman,5,nice,2025-06-13 15:35:34,0
Enoch Lawrence,5,This is my best chatting app Full of fun memories and experience,2025-06-13 15:35:32,1
LAGROSS TV,5,very good,2025-06-13 15:35:18,0
jyoti anand,5,new update is not showing yet my phone,2025-06-13 15:33:50,1
Adeniji Yusuf,5,Good for using,2025-06-13 15:33:09,0
Ø¹Ù„ÛŒØ±Ø¶Ø§ Ø®Ø¨ÛŒØ±ÛŒ,1,it's a espionage app,2025-06-13 15:33:03,0
Umesh Jayswal,4,nice,2025-06-13 15:32:03,0
thurka sai saisai,5,I very exe,2025-06-13 15:31:37,0
Anusri jana,1,"whats up doesn't open, not received otp",2025-06-13 15:31:24,0
Suffean,3,"we still not exit the video call mode even both party want to switch to call mode. and for some iphone user, their video call mode not turn into mini/pop up windows when they want to switch to other apps, instead the video call get pause.",2025-06-13 15:31:19,145
Emmanuel Matthew,2,"Whatsapp pls upgrade your features. The app is literally collecting 1.20 gb on my phone and when I want to clear space, it only shows the media on groups. You can't tell me that the remain one point something gb is because of my contacts. See I respect and like chatting on WhatsApp but if possible, there should be more convenient features, on telegram I can clear my space anytime I want and I have way more chats and contacts there yet it only takes nearly 400mb. So pls WhatsApp....",2025-06-13 15:29:22,0
Baljit Kour,5,Bahut kouthi,2025-06-13 15:28:26,0
Zaid Nisar,2,badd,2025-06-13 15:28:20,1
frances daly,5,very good,2025-06-13 15:28:03,1
Me Ajad,5,ajad bhai,2025-06-13 15:27:20,0
Khombomuni Constance,5,Good,2025-06-13 15:27:04,0
Afsusajid couple,4,nice,2025-06-13 15:26:36,0
Agbedo Tosan,5,"It good,fun and make communication easy",2025-06-13 15:25:54,0
Justin Dawson (æä¿Šæ˜Ÿ),5,good and convenient apps ever! love it!,2025-06-13 15:25:39,0
Priscilla Obayi,4,good,2025-06-13 15:24:10,0
Munyaradzi Mhembere,5,Good,2025-06-13 15:23:30,0
Swati Ranjan,4,this app is very useful for us,2025-06-13 15:22:26,0
à¤°à¤¾à¤œà¤•à¥à¤®à¤¾à¤° à¤•à¥‡à¤¸à¤°à¤µà¤¾à¤¨à¥€,5,great,2025-06-13 15:21:50,0
Chowdhury Babu,5,nice,2025-06-13 15:21:26,0
Quami Stanza,4,This app is good for you to use,2025-06-13 15:21:04,0
sd foysal,5,nice apps,2025-06-13 15:21:00,0
Tangaza Nafiu,5,nice truthful,2025-06-13 15:20:11,0
Eswaran RC,4,audio call and SMS not received my phone,2025-06-13 15:19:34,0
Natalia Tjokro,1,"I can't verify my email, the verification code is not sent to my email. I tried with different email, I even tried with different internet connection. Eventhough I can play video on youtube well, I still didn't get the verification code in my email. Until whatsapp said too many attempts and I cannot request code anymore. I want to change my phone I need to do chat backup, what should I do? Please fix the bug.",2025-06-13 15:18:25,2
unbeatable chinda,5,wonderful,2025-06-13 15:16:35,1
Mohsin Raxa,5,I like this,2025-06-13 15:15:59,0
Manjinder singh Sandhu,5,i like this app because call and message ğŸ˜„,2025-06-13 15:15:54,0
Nathan Lubinda,5,Awesome,2025-06-13 15:15:35,0
Emmanuel Gladness,5,I love the way the updates keeps getting interesting,2025-06-13 15:14:25,0
Md Jewel,5,wow,2025-06-13 15:14:17,0
Sanjay Gupta,5,fantastic app,2025-06-13 15:13:45,0
Aliza Moyna,1,you are not backup my chat and video,2025-06-13 15:13:32,0
Ganbo Ismaila,5,Ina bukatar a yi hakuri abouda,2025-06-13 15:12:58,0
Olivertwist Okon,5,excellent,2025-06-13 15:12:52,0
Sohan,5,ğŸ˜,2025-06-13 15:12:09,0
Kudroh Bolatito,5,I'm enjoying Whatsapp to the core,2025-06-13 15:12:08,0
Oluwaseun Michael,4,Perfect,2025-06-13 15:11:24,0
sudhir gupta,1,WhatsApp nhi chal raha kya kare,2025-06-13 15:10:51,0
Sam Asgari,5,nice,2025-06-13 15:10:40,0
Andrew James,5,excellent,2025-06-13 15:10:00,0
Chiranjit Kar,5,ossum,2025-06-13 15:09:44,0
shiv enterprize,5,good,2025-06-13 15:08:33,0
Oke David,5,good,2025-06-13 15:08:29,0
Brajesh Kumar,5,verry nice,2025-06-13 15:07:47,0
GRACE IWUANYANWU,5,"it is very simple, reliable and private for usuage",2025-06-13 15:06:58,0
Hafiz javed,5,super excited about this app,2025-06-13 15:06:13,0
Faiyaz Sazid,5,good,2025-06-13 15:05:56,0
Sanket Arya,5,ğŸ‘,2025-06-13 15:05:50,0
drivinglicence hira,5,Awesome Service,2025-06-13 15:04:56,0
Gift Ali,5,It is very important,2025-06-13 15:04:35,0
Zulaihat Aliyu,5,I want to update my whatsapp,2025-06-13 15:04:06,0
Rahul Yadav,5,ğŸ˜˜ğŸ˜˜ğŸ˜˜,2025-06-13 15:02:51,0
Md Jakir,1,account open prop,2025-06-13 15:02:39,1
Nitish Kumar,5,Mera number ko ban kar diya gaya hai kripiya theek kar do please,2025-06-13 15:02:31,0
Agugua Gloria,1,"this app disappeared from my phone. I've reinstalled it but still, I cannot find it or have access to it. what can I do to have it back ?",2025-06-13 15:02:11,0
Ekechukwu Emeka,5,"Excellent, fast",2025-06-13 15:02:06,0
Arachana Kumari,4,ok. very good,2025-06-13 15:01:57,0
Samet Gedny,5,"l experience, What's App because it helps me share voice message, images and communicate with all around the world.",2025-06-13 14:59:53,0
Md junayed,5,love,2025-06-13 14:59:03,0
Deepak Sangroha,1,"please add always show search Feature on top,like as iphone",2025-06-13 14:58:45,0
Velerentasha Rostutie,5,"Great, make daily life easy to communicate with someone that far from us",2025-06-13 14:58:44,0
Saputra Putra,4,mantap,2025-06-13 14:58:40,0
abubakkar Siddiq,5,good app nice,2025-06-13 14:57:22,0
Muhammad Hanif Khichi,5,"Good experience ğŸ‘Œ Because it's a Simple, Reliable and Private..... it's a best for everyone else.....ğŸ«¶",2025-06-13 14:56:59,2
Itz Alhaji Mustapha Tekish Kamara,3,Outstanding,2025-06-13 14:56:21,0
Muhammad Dato,5,I need official WhatsApp,2025-06-13 14:55:57,1
Abrea Khan,5,very good app,2025-06-13 14:55:55,1
anuj Pushpad,4,acha hai m,2025-06-13 14:55:00,1
Nitin Nagar,5,nice,2025-06-13 14:54:48,1
Yetunde Akintoye,5,WhatsApp have make I easy for me and my family to be able to communicate you guys should download it for communication purpose,2025-06-13 14:54:34,0
Vijay Patel,5,1 yar,2025-06-13 14:54:17,0
Bipasha paul,5,if I send any links from YouTube or from other websites the links are going in the WhatsApp but the pictures or the upper view of the video with the links are not coming please do something about it....,2025-06-13 14:54:10,251
Junior Joshua,5,better,2025-06-13 14:53:08,0
Mohana Durga,5,This app is very helpful for business and personal purpose.Mostly this app is helpful for students because today all educational related information can send in the WhatsApp group.I love it,2025-06-13 14:52:32,0
Imran,1,"I am unable to listen to Voice message lately. to be able to listen to it, I have to restart my phone",2025-06-13 14:52:14,0
Junaid Malik,1,at my mobile it's not install I install again and again but not install my mobile is vivo v20 whts the problem with this app on my mobile plz chk it,2025-06-13 14:51:20,0
Kunal soni Kunal soni,5,very ğŸ‘ğŸ‘ğŸ‘,2025-06-13 14:50:46,0
Nihal patil,5,very good,2025-06-13 14:50:10,0
Naveen Badiger,5,Hi whats App team. Thanks for this best communication platform. I request you to please give an option to reach extreme top or to the beginning message in one touch as you have developed extreme bottom in one touch. Thank you.,2025-06-13 14:48:19,2
Dipumoni Dutta,5,best app form the world,2025-06-13 14:47:06,0
Shahid Yousufzai,5,good wark,2025-06-13 14:46:29,0
Samiran Deb,5,very bad ğŸ˜ sarvice,2025-06-13 14:45:52,0
ajay dushing,1,again my whatsapp is under review. whats wrong.,2025-06-13 14:45:11,0
Barnaba,1,Why my WhatsApp fail to connect,2025-06-13 14:45:05,0
Zoey H,5,wow,2025-06-13 14:44:53,0
Priscilla Kiwola,3,Good,2025-06-13 14:44:31,0
Lydia Adedeji,4,Amazing,2025-06-13 14:44:28,0
Cynthia Ekeh,3,"I really don't know why with this new update, the archive is no longer working. please fix it. it's frustrating that I have to archive some chat and when they send messages I will still see it. it wasn't like this. until I was asked to update.",2025-06-13 14:43:56,8
Odebode John,5,best,2025-06-13 14:43:30,0
Vasant Bhanu,1,If you don't have the song option in WhatsApp then don't download any,2025-06-13 14:43:22,0
Kishore Bhukya,5,nice,2025-06-13 14:43:18,0
Juma Misungu,5,gody,2025-06-13 14:42:50,0
Ajay Thakur,5,ok,2025-06-13 14:41:05,0
Akintomide Fikesola,5,it makes it more easy to chat,2025-06-13 14:40:50,0
Muhammad Zohaib,5,please add live location time customize option add,2025-06-13 14:40:26,6
Blessings Bengo,5,Is good for communication,2025-06-13 14:40:25,0
Taiwo Elijah,5,ğŸ‘,2025-06-13 14:39:26,0
Maher Khan,5,thans,2025-06-13 14:39:23,1
MUHAMMAD ALI,1,some time not working .,2025-06-13 14:38:15,0
Chandrakanta Barik,5,very bad app,2025-06-13 14:38:13,0
Fatin Munirah,5,very useful,2025-06-13 14:37:46,0
MD HABIBUL BASHAR RABBI,5,nice,2025-06-13 14:37:20,0
Durga,5,ils is good ğŸ‘ğŸ‘,2025-06-13 14:37:19,0
omid Hamidi,5,Ø³ØªÙ…Ú«Ø±Ø§Ø´Ù†Ø§,2025-06-13 14:37:01,0
A Google user,5,Muy buena la aplicacion de chat whatsapp.,2025-06-13 14:36:53,1
Mk Group,5,good,2025-06-13 14:36:23,0
Simon,5,easy communication and easy to use,2025-06-13 14:35:53,0
Foysal Ahmed,5,Wow,2025-06-13 14:35:33,0
Martin's Daniella,5,This ia the best app I have seen for sending messages,2025-06-13 14:35:09,1
Dr Sharifa Abdul Aziz,5,"quicker,easier,updated",2025-06-13 14:33:56,0
Mohsim Ansari,3,bhai,2025-06-13 14:33:49,0
Srikanth Sri,5,nice,2025-06-13 14:33:43,0
Deivani.P,5,good,2025-06-13 14:33:06,0
Ranjeet kumar,3,good,2025-06-13 14:32:03,0
Aik Nom Han,5,ğŸ˜,2025-06-13 14:31:49,0
Vibhu Tripathi,5,it is so good,2025-06-13 14:31:38,0
A Google user,5,"""Reliable and Easy to Use"" WhatsApp is one of the most reliable messaging apps I've used. Itâ€™s simple, fast, and works well even on slow connections. I love the voice and video call quality, and the ability to send photos, videos, and documents quickly. Group chats and broadcast lists make communication super efficient. The best part is the end-to-end encryption",2025-06-13 14:31:35,0
JCRjayachandra3456,5,super,2025-06-13 14:31:20,0
Syed Mujahed,1,recently update app is stuck unable to open directly it's giving a problem kindly solve the issue as soon as possible,2025-06-13 14:30:57,0
Uzair Khan,5,Good,2025-06-13 14:30:14,0
Soha Khanum,5,love it,2025-06-13 14:30:10,0
stubborn Kind,5,It has been nice,2025-06-13 14:28:50,0
Md Ishtiyaque Alam,5,"WhatsApp is incredibly convenient and essential for daily communication, thanks to its widespread user base and end-to-end encryption. The recent additions like message editing and HD media sharing are great. However, ongoing privacy concerns with Meta ownership are a major drawback, and I wish for more advanced features common in other messaging apps.",2025-06-13 14:28:11,0
Afsana Saifi,5,good,2025-06-13 14:27:47,0
Devraj Paul,5,gooooooooood,2025-06-13 14:27:44,0
Mohan Singh,5,best,2025-06-13 14:27:44,0
NURUDEEN ADEDEJI,5,nice job,2025-06-13 14:26:47,0
Hannah Sherin,5,nice app total recommended,2025-06-13 14:26:27,0
Koushik Khan,3,nice apps,2025-06-13 14:26:09,0
chelsea O,2,been having a lot of issues recently with messages not sending. having to keep updating it. it's not my Internet connection because everything else is working.,2025-06-13 14:26:06,0
Practical Plate,4,no 4k option on status,2025-06-13 14:25:26,0
Anuj Shireewastao,5,supar,2025-06-13 14:24:38,0
tub Boy ss Gameing,3,it has many features,2025-06-13 14:23:36,0
Harinder,4,good,2025-06-13 14:21:13,0
Geometry Chinonso,5,I love this app,2025-06-13 14:21:03,0
Kartikey Pandey,1,worst app. if we accidentally uninstall WhatsApp then old data is erased and we cannot get old data if there is no backup,2025-06-13 14:19:54,0
Chipale Salim sabo,5,It think is a good vision,2025-06-13 14:19:27,0
Lalu Kumar yadav,4,nice,2025-06-13 14:18:55,0
Denine Havranek,4,Nice for talking with family and friends,2025-06-13 14:18:43,0
Pijush Halder,3,",ğŸ˜­ğŸ˜­",2025-06-13 14:18:08,0
John Elia,5,wonderful ğŸ‘ğŸ‘ğŸ‘ğŸ˜ŠğŸ˜Š,2025-06-13 14:17:50,0
Abara seth,1,why is the limit for music just 15 seconds ? not fair at all,2025-06-13 14:17:47,0
hazel turner,5,Still waiting for the WhatsApp,2025-06-13 14:16:44,0
A Google user,1,add a refresh button,2025-06-13 14:16:40,1
Gagan Sayana,1,"should have a separate swipe for Business pages my entire whatsapp now is filled with loan ads and all personal messages below them feel like they are lost ,this one thing can be end of whatsapp.hoep u keep that in mind.",2025-06-13 14:16:05,0
Anima Sing,5,help Mera WhatsApp chalnehi Raha,2025-06-13 14:16:01,0
Pankaj Kumar,5,this is very important app,2025-06-13 14:15:30,1
Mohd Shami,5,good $,2025-06-13 14:15:23,0
olaoye mubarak,3,Ineed my whatsappto bemessege,2025-06-13 14:14:48,0
sunil kumar molleti,5,"WhatsApp is a reliable and easy-to-use messaging app. It offers fast chats, voice/video calls, and media sharingâ€”all with end-to-end encryption. Great for staying connected with friends and family!",2025-06-13 14:14:18,0
Vijay Awasya,5,nice ğŸ‘,2025-06-13 14:13:07,0
Jana Sana,4,good,2025-06-13 14:12:28,0
Bhanu Pancheshwar,5,top,2025-06-13 14:11:40,0
Mateesh Chamika,5,Super ğŸ˜ğŸ˜,2025-06-13 14:11:38,0
rohit Kumawat,5,nice,2025-06-13 14:11:21,0
Muhammad Hammad Yasir,1,Dear Whatsapp my Whatsapp account is not opening showing this account cannot longer used please solve this problem i have very urgent on Whatsapp soon as possible. I have fo nothing against WhatsApp terms and rules please fixed my problem as soon as possible because my account banned by mistake I sure please help,2025-06-13 14:10:44,0
Rodaina Mohamed,5,gooodd,2025-06-13 14:10:21,0
ZAHID KHAN,5,"i like it becase it is very fast and smooth really i like it,,ğŸ˜ğŸ˜ğŸ¥°ğŸ¥°ğŸ˜˜ğŸ˜˜ğŸ˜˜ğŸ˜˜ğŸ˜˜ğŸ˜˜ğŸ˜˜",2025-06-13 14:10:08,0
Hangala Kalusa,5,excellent app,2025-06-13 14:10:04,0
Daniella Osamudiame,1,"Y'all's services have become really terrible of recent , you have blocked my number several times !!!, and this has been without any clear reason . I haven't been doing anything illegal or wrong , you all literally block me for no reason . Apart from this being very annoying , because an Intel says you all are targeting Nigerian accounts, it's beyond infuriating as some of us actually use our WhatsApp for business purposes , not just for chatting. You all should fix this nonsense, it's rubbish",2025-06-13 14:10:01,0
Anele Winfred Sutu,5,amazing,2025-06-13 14:10:01,0
Bhumika chawla Chawla,1,whatsapp music option is to be a problem,2025-06-13 14:09:31,0
Deepak dahiya,5,good app but web design not better than app,2025-06-13 14:08:32,0
Melo Vic2016,3,Very good,2025-06-13 14:08:19,0
Richard Kwakye,1,Good,2025-06-13 14:07:36,0
Adelaide Dosu,3,"My WhatsApp messenger has stop working,when I'm registering my number,they will be like,my account is no longer on WhatsApp due to spam",2025-06-13 14:07:31,0
Faeze Mohabbati,1,SPY tool,2025-06-13 14:07:06,0
KARAGIRE MOISE,5,Good service,2025-06-13 14:06:50,0
Ngoundu Rita,5,excellent ğŸ‘ŒğŸ‘Œ,2025-06-13 14:06:17,0
Wasswa Clint,5,I wonder when I have the same app and still they need an official watsapp,2025-06-13 14:05:58,0
Jahir Hussain,5,good,2025-06-13 14:05:29,0
Sonu Chanduwani,5,this is my whatsapp,2025-06-13 14:05:09,0
Nyakamwe Jonas,5,good communications,2025-06-13 14:04:53,0
Kamogelo Kitso,5,I like WhatApp,2025-06-13 14:04:33,0
Wisdom Patrick,5,good ğŸ‘,2025-06-13 14:04:22,0
Lydia Makhubela,1,I want WhatsApp to open,2025-06-13 14:04:19,0
asha ghone,3,good,2025-06-13 14:03:57,0
Lynton Kruger,5,can you guys plz add a gif profile picture,2025-06-13 14:03:46,0
Satyavama Jena,5,Superb,2025-06-13 14:02:27,0
Faith Charles,5,is very good,2025-06-13 14:01:49,0
Amiraliforoutan,1,a criminal and fraud company,2025-06-13 14:01:43,0
Aphiwe Ntombela,4,nice,2025-06-13 14:01:34,0
Raja Karmakar,5,me and my oll famali it like this is,2025-06-13 14:01:31,0
MOHAMMED MAHDI,5,ğŸ‘ğŸ‘ğŸ‘,2025-06-13 14:01:25,0
Nelly,2,very slow..,2025-06-13 14:01:08,0
TUFAN ROY,5,i love WhatsApp â¤ï¸,2025-06-13 14:00:35,0
Clinsmar Akosua Niako,5,WhatApp is good and convinient to use,2025-06-13 14:00:07,0
Zorro Q,5,Ø¹Ø§Ù„ÛŒ,2025-06-13 13:59:28,0
Ashitha A,4,while uploading status it doesn't have clarity,2025-06-13 13:58:25,0
Ritu Bhandari,5,It is really amazing app I like doing chatting in this app,2025-06-13 13:57:56,0
Melvina Williams,1,I'm trying to open my whatsapp but is not going through,2025-06-13 13:55:32,0
Manu Mapi,5,"make it easy to communicate with family members , friends and also businesses",2025-06-13 13:54:37,0
Robert Njuguna,4,good app,2025-06-13 13:54:35,1
Idris Muhammad,5,it is a nice app,2025-06-13 13:53:17,0
abraham suge,5,am using what's app knw,2025-06-13 13:52:39,0
Basant Kumar,5,nice,2025-06-13 13:52:01,0
Gaby,2,How about fixing your biometric lock? I've been trying to unlock the app for 20 times.,2025-06-13 13:51:36,0
Jude Dela Cruz 2,5,good,2025-06-13 13:51:07,0
Chidinma Chidiebere,5,very good,2025-06-13 13:50:52,0
Shalini Singh,5,very nice and safe coumnucation,2025-06-13 13:50:32,0
Derryce Anderson,5,haven't used it yet but it was recommended as a useful app that was safe.,2025-06-13 13:50:10,0
Sodiq Babatunde,1,"Very low on voice call and too poor.....pls work on this,biko.......extremely poor",2025-06-13 13:50:09,0
Samuel George,5,I love and enjoy using Whatsapp,2025-06-13 13:49:31,0
Triveni Kumar,5,very good,2025-06-13 13:48:13,0
Manish Dhiman,5,ok,2025-06-13 13:48:10,0
Office SSRS,5,super,2025-06-13 13:47:58,0
Priya Kumar,1,app not working verification not working yet not verify code no sms code not call code nothing useless service very disappointed,2025-06-13 13:47:05,0
Mezhii Keyho,5,"I really love the app, its been an all time helpful.. just one request I would love to make is please increase the bio words from 138 to 150.",2025-06-13 13:47:01,0
Domshak Danladi,5,GOOD,2025-06-13 13:46:55,0
Sibusiso magaqa,5,Good things,2025-06-13 13:46:39,0
Parinaz Shadman,5,Good,2025-06-13 13:46:16,0
Gulshan Kumar,5,good app,2025-06-13 13:45:36,0
Goodwill Transport,1,anpar banda aap kiddan chla sakda,2025-06-13 13:45:13,0
Isaac Maanu,3,"WhatsApp is great, connecting us to families and friends and also is great with the AIs, helping us in our daily lives but I have problems with the formatting of writing the stories, why connect sentences into broken into two lines, what if story writers have problems with this format of writing, so please understand my opinion but indeed WhatsApp is a wonderful app,",2025-06-13 13:44:57,0
Paul Aondoungwa Tsar,5,Great,2025-06-13 13:44:37,0
Joyce Mwale,1,this app is not that good because it mostly log me out. no knowing y they log me out and now as am writing they have logged me out saying due to spam imagine.,2025-06-13 13:44:27,0
Rakesh Singh,5,ye bohot à¤…à¤šà¥à¤›à¤¾ à¤²à¤—à¤¤à¤¾ à¤¹à¥ˆà¤‚,2025-06-13 13:44:23,0
Lakshita Chhoker,1,worst app I had ever seen ğŸ˜”,2025-06-13 13:43:59,0
Rinki Das,2,my whatsapp is a daylproblem my whatsapp is a hek please help me whatsapp problem ğŸ˜­ğŸ˜­ğŸ˜­ğŸ˜­,2025-06-13 13:43:49,0
Olamilekan Elliot,5,so good,2025-06-13 13:43:04,0
Maroa Joseph,1,it needs downloading always not appropriate to use,2025-06-13 13:42:26,0
Nassiwa Beatrice,5,Very good,2025-06-13 13:41:48,0
Goldy rana Goldy rana,2,nice,2025-06-13 13:41:10,0
Ranu Sahu,5,very tati app,2025-06-13 13:40:14,0
Dutta Jewellers,5,Nice,2025-06-13 13:39:36,0
Screen Light,5,best app,2025-06-13 13:39:32,0
Arif Khan,5,very nice app,2025-06-13 13:39:31,0
Sonal Kothari,2,audio call karne pe black screen ho jati hai,2025-06-13 13:38:58,0
Safikul Laskar,3,good,2025-06-13 13:38:28,0
Akinsanya Adeniyi,4,Fine n preferably,2025-06-13 13:37:18,0
Shivani Chorasia,1,"whatsapp now a days is filled with too much stuff, it is too crowded. missing old whatsapp",2025-06-13 13:37:14,0
Payal Manhas,3,i am not available to use some otp problem going on,2025-06-13 13:37:07,0
Germain Matenga,5,okay,2025-06-13 13:36:54,0
Wajid Ali,5,Best app,2025-06-13 13:36:27,0
Richard Sandala,3,It is not bad,2025-06-13 13:35:12,0
Monica Twawanda,5,It's very nice and helpful thank you,2025-06-13 13:34:34,0
Moolachandra Anuragi,2,ye application bahut achhi hai,2025-06-13 13:34:31,0
Shudhakar Pandey,5,very nice,2025-06-13 13:34:16,0
Thana,5,I connect my friends and families as well,2025-06-13 13:34:01,0
Pooja Verma,1,redmi note 8 whatsapp not woring,2025-06-13 13:33:27,0
shair Ullah,1,10 th years,2025-06-13 13:33:01,0
Sanjay Kumar,5,on nhi ho rha hai mera whatsapo,2025-06-13 13:33:00,0
Mamoni Das Das,5,good,2025-06-13 13:31:51,0
Manish Pancheshwaar,5,nice,2025-06-13 13:31:41,0
Akkas Mahmud,5,awesome,2025-06-13 13:31:27,0
anjan ojha,5,world best chating app,2025-06-13 13:31:18,0
Ganesh,5,usefull,2025-06-13 13:31:06,1
berke,1,my contacts are written wrong in the chats,2025-06-13 13:30:07,1
Tshomi Jilimba,4,Good,2025-06-13 13:29:57,0
Nitin Saini,5,"WhatsApp is a reliable, fast, and user-friendly messaging app. It offers secure chats, voice/video calls, and seamless media sharingâ€”perfect for staying connected with friends and family anytime, anywhere. *Advantages of WhatsApp:* *Free Messaging and Calls* WhatsApp allows users to send unlimited text messages, voice notes, photos, videos, and documents without any cost. *Group Chats and Broadcasts* Whether it's family, work teams, or friend groups, WhatsApp makes managing group.",2025-06-13 13:29:56,0
Sundram Saroj,5,fantastic ğŸ˜ ğŸ‘Œ,2025-06-13 13:28:57,0
Shyamol Singha,1,"Why WhatsApp is not allowing to turn on step two verification, says try again in a few hours means whatsapp is not responsible their privacy which is available features. I don't think WhatsApp is useful messenger app my account privacy is in risk. I am going to uninstall it ğŸ¥¹ğŸ¥¹ğŸ¥¹",2025-06-13 13:28:52,1
bybyan mars,1,I am never able to log in my second device,2025-06-13 13:28:39,0
shilpa chatterjee,4,can you please introduce schedule message facility in WhatsApp.,2025-06-13 13:28:34,0
Mursal cabdi Salaad,5,mursal,2025-06-13 13:28:34,0
Rosemary,5,excellent,2025-06-13 13:28:27,0
Tanisha Chauhan,5,good ğŸ˜Š,2025-06-13 13:27:30,0
Magreth abella Josephat,5,Its so good,2025-06-13 13:27:21,0
Abid Siddiqui,5,ossume,2025-06-13 13:27:02,0
ali ijaz,5,it's great contact app,2025-06-13 13:26:48,0
Yashwant Jadhav,4,Please ADD status saver option ğŸ™,2025-06-13 13:26:17,0
Mary Sunday,2,But why a is app always tell me you can no long use this app why,2025-06-13 13:25:26,0
Bramwel,5,fast and simple to use,2025-06-13 13:25:25,0
Augustine Ong,4,please let me self react lil bros ğŸ˜,2025-06-13 13:25:23,0
Reshma Reshma,5,gooood,2025-06-13 13:24:58,0
Joel Edmondson,1,Makes a beep sound when starting & finishing a voice note! All notifications on silent all sounds on silent all PHONE settings on silent Hate it,2025-06-13 13:24:25,0
Ann Evans,5,"a great messaging app that makes it easy to stay connected with friends and family. The interface is simple and user-friendly, and everything syncs smoothly across devices.",2025-06-13 13:24:15,0
Vinay Gangwar,5,Very amazing app,2025-06-13 13:23:09,0
Chethan Chethan,5,good,2025-06-13 13:23:07,0
Olaleye Sunday david,4,"had great experience with it. use it ,feel it.",2025-06-13 13:22:52,0
godha Srisailam,4,ok,2025-06-13 13:20:02,0
Sushil .R. Patel,2,Why photo or videos is not appearing in gallery ......,2025-06-13 13:19:16,0
Udin Udin,1,"kadaluarsa mulu, heran.",2025-06-13 13:18:17,2
Mohanlal Vyas,5,"whatsapp is a very usefull , easy to use , fast and i personally like to use it as it's free of cost and plus it's easy to use for every age group as it's simple the whatsapp discription as says . if u have whatsapp no need to have any another messanger app . do read it , do use it .",2025-06-13 13:18:12,0
Yaseen Bhutta,5,This is very amazing platform which use to conversation with our family hope sope you will enjoy it,2025-06-13 13:17:39,0
Abdul Aziz,5,The bestest app I love this â¤,2025-06-13 13:17:30,0
Joseph Umoren,3,The WhatsApp is ok but the regular update of a thing needs to be changed.,2025-06-13 13:16:55,0
Ubaid Khan,4,Good,2025-06-13 13:15:58,0
Odogwu,2,I keep getting restricted every time and it doesn't even give me d time to talk with my foreign friends bcos I get restricted once I send a message pls do something about this,2025-06-13 13:15:55,0
Kashan Alam,5,lovely,2025-06-13 13:15:14,0
Manish Pareek,5,Goo d â¤ï¸â¤ï¸ thanks,2025-06-13 13:15:06,0
Asim Malik,3,This is good but after 5 to 10 days this app want updating but it is satesfingâ˜º,2025-06-13 13:14:51,0
Advik Subhash,5,A Good App for Calling and texting people,2025-06-13 13:14:50,0
Yehia Haitham,4,"absolutely perfect for messaging, i like the option where u put songs in status but there are so many other famous songs like from (morad),like i cant find them at all",2025-06-13 13:13:38,5
Antora fardin,1,Bad,2025-06-13 13:13:18,0
Qareeballa Babikir,5,amazing,2025-06-13 13:13:14,0
Nataa Safitri,1,sekarang saya kurang suka sama wa karena apa apa sensitif saya sedang memasukan no teman saya dan membuat grup tak lama kemudian di ban wa saya.,2025-06-13 13:11:45,0
Mohammed Amir,5,nice,2025-06-13 13:11:32,0
Haruo,3,why is the music feature not available on my WhatsApp status?,2025-06-13 13:11:27,0
Lucia Muteti,5,good and betterğŸ˜ŠğŸ˜ŠğŸ˜Š,2025-06-13 13:09:37,0
Andy Dwiyanto,5,gut,2025-06-13 13:08:40,0
Joyti Gupta,1,very nice,2025-06-13 13:08:35,0
Krishna Madhuri,5,"As usual,it's nice.",2025-06-13 13:07:42,0
Mary Sunday,4,Whatsapp messages is very good but consumes a lot of Data when using and when downloading it .,2025-06-13 13:06:46,0
Uba Destiny,4,Better,2025-06-13 13:06:45,0
Hamida Hamida,5,Very nice aap,2025-06-13 13:06:12,0
Umar Khan,5,this was very good app ğŸ’¯ğŸ’¯,2025-06-13 13:06:11,0
Tijani Sakirat,5,I hangs,2025-06-13 13:05:38,0
Manashi kakati,1,pretty,2025-06-13 13:03:17,0
Pashilkar P,5,"This app is good for instant messaging, files, images, videos transfer as well as good for video calling and normal calling specifically when you are out of country.",2025-06-13 13:02:41,0
The p b teacher The p b teacher,5,Very good,2025-06-13 13:02:36,0
Renuga C,5,good,2025-06-13 13:02:12,0
Pradip Haldar,5,fantastic,2025-06-13 13:01:59,0
Susan Jansen van Vuuren,5,good,2025-06-13 13:01:57,0
Lal singh Morea,1,very good,2025-06-13 13:01:56,0
JP YADAV,5,wow,2025-06-13 13:01:49,0
Prem Mandal,2,update q nhi ho rha aap kese bhi krke update kr dijiye nhi to me whatapp band krba dunga,2025-06-13 13:01:45,0
MD Zulhas Hossain,5,very Good service this apps i many yeras use whattapps,2025-06-13 13:01:28,0
Rajitha Kolukulapally,5,very good ğŸ‘ ğŸ‘,2025-06-13 13:01:08,0
Waqas king khan,5,Good,2025-06-13 13:00:59,0
Sushila,5,awesome,2025-06-13 13:00:26,0
Ahmed Iqbal,5,nice,2025-06-13 12:59:33,0
Bimeh Beatrice,5,Very good,2025-06-13 12:58:53,0
M Vahedi,1,invasion of privacy,2025-06-13 12:58:43,0
Manash Sarma,5,very good app,2025-06-13 12:57:57,0
Juantuah Joseph,5,excellent,2025-06-13 12:57:46,0
Siddarth Kumar,1,unable to use WhatsApp properly I am facing the problem,2025-06-13 12:56:21,0
Ukamaka Igwe,5,it is a very nice app everything is going well and smooth it very good,2025-06-13 12:55:39,0
Ripfumelo Nkuna,5,perfect,2025-06-13 12:55:22,0
Bikash Newar,2,nice app,2025-06-13 12:54:57,0
Samina Ghulam Rasoom,5,great appp,2025-06-13 12:54:19,0
Changi Njiso,3,Good,2025-06-13 12:54:04,0
Manoj Goswami,1,unable to install my second copy of whatsapp,2025-06-13 12:53:25,0
Celestina Philibus,1,I want to update my WhatsApp,2025-06-13 12:53:23,0
Ebenezer Mensah,2,nowadays they keeps on banning people's account for no reason,2025-06-13 12:52:54,0
Pablo dc Daniel,5,Love it,2025-06-13 12:52:19,0
dominican ogechi,5,Nice messaging app. God bless the maker,2025-06-13 12:51:37,0
J K yadav,1,very bad,2025-06-13 12:50:59,0
Radha Devi,1,> â€œThereâ€™s a problem with WhatsApp â€” the app frequently closes or crashes while Iâ€™m using it. Please fix this as soon as possible. Itâ€™s causing a lot of inconvenience. ğŸ™â€,2025-06-13 12:50:50,0
Adeel,5,ØªÛŒØ±Û’ Ø³ÛŒÙ†Û’ Ø³Û’ Ù„Ú¯ Ú©Ø± ØªÛŒØ±ÛŒ Ø¢Ø±Ø²Ùˆ Ø¨Ù† Ø¬Ø§Ø¤Úº ğŸ’ğŸ¥€ ØªÛŒØ±ÛŒ Ø³Ø§Ù†Ø³ÙˆÚº Ø³Û’ Ù…Ù„ Ú©Ø± ØªÛŒØ±ÛŒ Ø®ÙˆØ´Ø¨Ùˆ Ø¨Ù† Ø¬Ø§Ø¤Úº ğŸ’ğŸ¥€ ÙØ§ØµÙ„Û’ Ù†Û Ø±ÛÛŒÚº ÛÙ… Ø¯ÙˆÙ†ÙˆÚº Ú©Û’ Ø¯Ø±Ù…ÛŒØ§Ù† ğŸ’ğŸ¥€ Ù…ÛŒÚº Ù…ÛŒÚº Ù†Û Ø±ÛÙˆÚº Ø¨Ø³ ØªÙˆ ØªÙˆ ÛÛŒ Ø¨Ù† Ø¬Ø§Ø¤Úº ğŸ’ğŸ¥€â¤ï¸,2025-06-13 12:50:28,0
Gurjot Singh,5,ğŸ˜,2025-06-13 12:49:23,0
Subhash Mishra,1,Bahut badhiya,2025-06-13 12:48:54,0
HASSAN ANWAR,1,bakwas app,2025-06-13 12:48:52,0
Gajeendra Sehkharan,5,"WhatsApp is hands-down one of the best messaging apps out there. Itâ€™s fast, reliable, and easy to use. I love how I can send messages, photos, videos, and even voice notes instantly. The voice and video call quality is also great, even with weaker internet. Plus, the end-to-end encryption gives me peace of mind. Definitely a must-have app for staying connected with friends, family, and even for work!",2025-06-13 12:48:52,0
Parvaiz ali,5,Whats app is Batter app of work,2025-06-13 12:47:36,0
Salman Raju,1,Is not working in my account recovery please,2025-06-13 12:47:03,0
Ali Sireena,5,Experience good,2025-06-13 12:46:51,0
Donald Ratela,5,Bagus,2025-06-13 12:44:25,0
Leo Chawawa,5,nice,2025-06-13 12:42:18,0
Moode Anuradha,5,nice to have a great time with this one,2025-06-13 12:42:09,0
tanveer akhtar,5,ok,2025-06-13 12:42:03,0
Tejas Binnod,2,"I used whatsapp for many years, but I never feel bad experience like now....I wanted to select photo for group dp and I no longer able to find folder through whatsapp, so I personally need to take screenshot of that photo to put dp, and video call clearity is still weak..",2025-06-13 12:41:56,0
Laurie,5,"Yeah , it's pretty cool ğŸ˜ ,safe ,reliable, and easy to use",2025-06-13 12:41:53,0
Sushma Goyal,3,thik,2025-06-13 12:41:14,0
Smiso Mbeje,5,I enjoyed using this app,2025-06-13 12:40:59,0
A Google user,1,I don't know what long with my WhatsApp,2025-06-13 12:39:42,0
Najrul islam Joob,5,nice,2025-06-13 12:38:59,0
Mr Rahul,4,great,2025-06-13 12:38:52,0
Juma Lubhinza,2,Whatsapp is too fast,2025-06-13 12:38:31,0
Piyal Banerjee,1,i faced too many bugs from the past few week contacts whose name changes automatically though I didn't change them in my contact ...,2025-06-13 12:37:49,0
Real Ovella,5,communication top level appğŸ’¸ğŸ,2025-06-13 12:36:42,0
Ahmad Din,1,tak boleh login,2025-06-13 12:36:27,0
Nivrutti Khairnar,5,nys app,2025-06-13 12:36:17,0
Tijani Wasiu,5,awesome,2025-06-13 12:34:19,0
Mohd Guddu,5,good,2025-06-13 12:33:49,0
Vijay Peshattiwar,2,Bad,2025-06-13 12:32:21,0
Rajat Playz,4,very good app,2025-06-13 12:32:20,0
Thenura Thenura,5,why i can't update whatsapp. ğŸ¥ºğŸ’”,2025-06-13 12:31:43,0
ahmed alfa,5,awesome,2025-06-13 12:31:11,0
Toas Touch,5,I found the green app funny and makes communication more easier,2025-06-13 12:31:04,0
Eric Danielz,1,"Please, please enable administrators on groups to end voice chats on groups! It is super anoying when someone (mostly an elderly person) starts one accidentally and then it is a mission to get the person close the voice chat.",2025-06-13 12:30:32,0
Victor Okechi,5,nice,2025-06-13 12:29:57,0
Anirudh Verma,1,this is not safe app please don't download ok,2025-06-13 12:29:48,0
Affar Imran,5,very good app which connect my friend and family,2025-06-13 12:29:30,0
Emmanuel Adeleye,5,It is a very cool app,2025-06-13 12:29:24,0
ROFIKUL SK,5,very good ğŸ˜Š,2025-06-13 12:28:41,0
Melisa Sopiyana,5,sangatt baguss,2025-06-13 12:28:28,0
Nisha Das,5,it is very good,2025-06-13 12:28:09,0
Eren KAYA,1,"i can not use this app, because it says to me that i am using 3rd party whatsapp application, but i don't. thanks for making everything harder.",2025-06-13 12:28:01,0
Kabbir ahmad,1,what app is not login my mobile please resolve my issue,2025-06-13 12:27:37,0
Sagar Gope,5,thank you watsapp,2025-06-13 12:27:33,0
Md Tusaer sk,5,Best,2025-06-13 12:27:32,0
Anvir Ahammed,5,best,2025-06-13 12:27:13,0
Mark King,4,"Most of the women are scammers, last summer I met 67 on here . Not all women on here are you just have to know their game . Never send money or give any codes and your heart and emotions will thank me later . We shouldn't mess with each other's emotions you don't like it why do it to others ????? Stop you don't have to sink to their level to prove a point . We know we get it .",2025-06-13 12:25:13,0
pluto king,5,very good,2025-06-13 12:25:13,0
Khubaib Asif,5,Good,2025-06-13 12:25:07,0
Gift Best man,5,Very safe fast and reliable,2025-06-13 12:24:57,0
Pallavi Jadhav,1,stutus music option nai aah rha hai,2025-06-13 12:24:38,0
Mohammad Shabbir,5,very nice app,2025-06-13 12:24:12,0
Ravi Bisht,5,Not able to send mp3!!!,2025-06-13 12:24:00,0
Vikash Kumar,3,WhatsApp mein takniki samasya,2025-06-13 12:23:45,0
Y A,2,Claims encrypted messaging. Also allowing governments to see the data.,2025-06-13 12:23:36,4
Angela Daniel,2,Very frustrating,2025-06-13 12:22:36,0
Sheuli Khatun,5,I love youğŸ˜˜â¤â¤â¤â¤â¤,2025-06-13 12:22:34,0
Akhanya Sholden,5,It is very fast app to communicate with everyone you wanna talk to,2025-06-13 12:22:15,0
Talat Raina,5,good,2025-06-13 12:21:46,0
Ijaz son's trader,5,This is very good app,2025-06-13 12:18:44,0
Abdullah Khan Abdullah Khan,5,it is helpful app,2025-06-13 12:18:16,0
NANAK RAM,5,very nice,2025-06-13 12:15:40,0
Salmon and Sales,5,allahRakha,2025-06-13 12:15:33,0
Yeasin sli Easin,5,easy to contactee,2025-06-13 12:15:06,0
Paws and Hooman TV,5,maybe yes,2025-06-13 12:14:33,0
Mohd Shuaib Malik,5,good,2025-06-13 12:14:18,0
mandla sbonelo,4,SO sweet app,2025-06-13 12:13:59,1
Joyti Akthr,2,good sarvice,2025-06-13 12:13:49,0
Aundre Watson,5,its ok,2025-06-13 12:13:45,0
Figmig Bigboss,1,why not giving data clear? app uninstall want new number adda. to bad.. giving app data clear....,2025-06-13 12:13:00,0
Krish Menaria,5,best,2025-06-13 12:12:57,0
VANGNUN ISHAYA,1,Please help!!! It keeps telling me number not verified and telling me to go to official website which I've tried & it still isn't working,2025-06-13 12:12:49,0
Anita sidar,5,very nice product ğŸ‘,2025-06-13 12:12:06,0
Joel Avoka,1,This app doesn't deserve even 1 star. It logged me out for no reason. When I'm trying to login it tells me I need the official WhatsApp to login but if I follow the link they themselves provided it takes me to the same app on play store. I have tried reinstalling several times but still it doesn't work,2025-06-13 12:11:32,6
ATWIINE LUCKY,5,it's so speedily,2025-06-13 12:11:15,0
Kiran Kisan,5,verry verry nice,2025-06-13 12:11:04,0
UMED ALI BOOHAR,1,good best,2025-06-13 12:10:15,0
Dmitry Shigapov,1,can't save files to the phone. no such an option. useless for work,2025-06-13 12:09:50,0
Angela Odogwu,5,Bravo,2025-06-13 12:09:14,0
Babu Rolekar,5,year nice good,2025-06-13 12:09:10,0
Zahra Ghasemi,1,"It reveals personal information including everything (voices, chats, notes)",2025-06-13 12:08:53,0
Gloria Limo,5,It is thebbest app to use,2025-06-13 12:08:32,0
Ali Hussain,2,My status is not showing to my saved contact,2025-06-13 12:08:17,0
Panna Devi,5,fine,2025-06-13 12:07:50,0
Srinu Garikina,5,Exlent,2025-06-13 12:07:15,0
Malik Zeshan,1,Nice app,2025-06-13 12:03:48,0
s. prakash,5,Struck in the middle unable to came back,2025-06-13 12:03:40,0
Md Abdullah,1,nice,2025-06-13 12:02:18,0
Dilip Chandarana,5,sir my whatsapp had been CLOSED pl unban it.i have not violated any terms and conditions.i am a senior citizen.pl helpb,2025-06-13 12:02:12,0
Moneye Mutmainah,2,I so much liked this app until the recent updates the new layout of status especially and I also think you should improve on the outcome of the quality of pictures and videos when postedğŸ¤§.,2025-06-13 12:02:11,1
HPsingh Sharawat,5,excellent,2025-06-13 12:01:46,0
Darmpal Verma,5,Naice App,2025-06-13 12:01:30,0
Cjb Brown,2,My WhatsApp just stop opening for no good reason.. I updated it everyday,2025-06-13 12:01:30,0
Amarachi Emeka,5,It's not working on my phone,2025-06-13 12:00:49,0
Nina Uysalcan,1,"since the new update , I can't send files that are out of my internal storage, this wasn't happening before, even I move the file to internal storage , can't send it too ...saÃ§malÄ±k, saÃ§malÄ±k, saÃ§malÄ±k... why, explain?",2025-06-13 12:00:32,0
Michelle Denilson,2,The app is nice but why always reducing quality of a status post,2025-06-13 11:59:58,0
hardy O'Conner,1,there's something seriously wrong with this app these days. I changed phones and downloaded WhatsApp from the google playstore and the app still asks me to download official app. this has happened too often,2025-06-13 11:59:58,0
Alaa,1,App is making in-app sounds even when my phone is on mute!!! E.g. it makes a sound when i click the mic button to record a voice message,2025-06-13 11:59:48,4
Renuka Gunti,5,nice,2025-06-13 11:59:33,0
Wisdom Udofia,1,Wow,2025-06-13 11:59:00,0
Wonderous Mapanga,5,Excellent service,2025-06-13 11:58:40,0
Sandeep Bhangu,5,best,2025-06-13 11:57:51,0
Snakele Prayer,5,Great and fast especially meta AI,2025-06-13 11:57:33,0
Mohammad Asif Ahmadzai,4,"Please WhatsApp team add a channel customization part to WhatsApp, cause we can't control what WhatsApp shows us, I'm a family man and I can't see the hilarious content and the bad content coming through my phone, so kindly add this section where I can see from what area I can see the channels. Thanks",2025-06-13 11:57:24,4
Nosayaba Sylvia,1,the status are having fault,2025-06-13 11:57:14,0
Shaheeda Khan,5,bhaiji sabse badiya app hai,2025-06-13 11:56:59,0
Ajay Chouhan,5,nice,2025-06-13 11:56:51,0
Sarjan Gauda,5,love it...,2025-06-13 11:56:16,0
Lareefa Rasheed,5,good,2025-06-13 11:55:58,0
Raaja Kumar,5,"I am using it since more than 15 years it is easy to communicate messages, group audio & video talking. I like whatsapp.",2025-06-13 11:55:53,0
Sevantilal Shah,1,I install application but not working properly show this message unofficial app,2025-06-13 11:55:35,0
Imtyaz Ansari,5,good,2025-06-13 11:54:27,0
Balveer Singh,5,ğŸ‘ ğŸ‘ ğŸ‘ ğŸ‘ ğŸ‘,2025-06-13 11:53:59,0
shahmurad 321,1,otp cod not riseve,2025-06-13 11:53:58,0
uzma khan,1,it doesn't even deserve that,2025-06-13 11:53:45,0
Bilal Bilal,5,ğŸ‘ğŸ¼ğŸ‘ğŸ¼ğŸ‘ğŸ¼ğŸ‘ğŸ¼ğŸ‘ğŸ¼ğŸ‘ğŸ¼ğŸ‘ğŸ¼,2025-06-13 11:53:24,0
Amarachi rejoice,1,"Amazing app I must say,love every single thing about this app.",2025-06-13 11:52:54,0
Saillu Gollori,5,super,2025-06-13 11:52:46,0
Nina M,1,there's a sound when I start a voice message or send it. every setting is set to silent. phone and whatsapp. I don't get notification. still suddenly the sound for voice messages appeared and I can't get rid of it. annoying.,2025-06-13 11:51:01,0
Lukman Lawal salisu,5,very nice,2025-06-13 11:49:33,0
Rosely Ann Jacob,5,"the app is great, super user friendly and makes staying connected with friends and families.",2025-06-13 11:49:01,0
Noorullah Ahmadi,5,great,2025-06-13 11:48:03,0
Shivan Kumar,5,good app to connect with,2025-06-13 11:47:53,0
Rohit khanna,5,good,2025-06-13 11:47:53,0
Madoori Kiran,1,Otp not received for virification,2025-06-13 11:47:44,0
Komal Shahrukh,5,Good,2025-06-13 11:45:13,0
Abdul jabbar,4,so nice ğŸ‘ğŸ» very very good appâ¤ï¸ğŸ¥°ğŸ¥°,2025-06-13 11:44:25,2
Krishan Kumar Gupta,5,I lost my previous mobile. so can I recover data from 1/4/2024,2025-06-13 11:43:54,1
à¤¶à¤¿à¤•à¥à¤·à¤¾ à¤œà¥à¤à¤¾à¤¨,5,true application,2025-06-13 11:43:39,0
Tanny Shaun,1,"Im having challenges with verifying my number l have tried several times and since yesterday even after verification it keeps logging me off and l find it annoying..You as Meta should ask yourself why most people would prefer the unofficial app to this official..if you really read all reviews you would know by now that we want privacy,l want to create my own theme and be able to do anythng freely when it comes to the appearance of my whatsapp and also privacy",2025-06-13 11:43:18,0
Abubakar Mustafa,5,Good,2025-06-13 11:43:02,0
Nik Thakor,1,whatsapp status quality very bad I'm before uploading hight quality video and after quality very down ğŸ‘,2025-06-13 11:42:43,0
Krishna Tiwari,5,very good,2025-06-13 11:42:18,0
Pooja Singh,5,mst app h,2025-06-13 11:41:59,0
Baku Bakuu,5,VaÃ§ap,2025-06-13 11:41:06,0
Aaira Khan,5,nice,2025-06-13 11:41:02,0
MD Mustkim,5,so cute,2025-06-13 11:40:49,0
Shinra Xtg,4,pretty good messanging app ğŸ‘,2025-06-13 11:40:14,0
K Kannayya,1,nice ğŸ‘ ok,2025-06-13 11:39:43,0
Chris Russell,1,there's nothing new here l have been banned countless times it's useless,2025-06-13 11:38:34,0
Jayprakash Prajapati,5,nice,2025-06-13 11:38:06,0
Abel XO,5,I need to install WhatsApp,2025-06-13 11:37:53,0
Bujh Balok Rabbi,1,Not good,2025-06-13 11:37:36,0
Bryan Billiones,1,Ang pangit toto lng,2025-06-13 11:34:02,0
Ratna Ajay,5,super,2025-06-13 11:33:52,0
Shafaq Usman,5,good,2025-06-13 11:32:11,0
Safatullah,3,not good,2025-06-13 11:31:33,0
Ernest Chola,3,It's fair,2025-06-13 11:29:29,0
hasnain khalid,1,old data not recove,2025-06-13 11:29:04,0
Rahul Pathak,5,good,2025-06-13 11:28:45,0
abu muhammad obaid,1,"I'm extremely disappointed with the new Channels feature in WhatsApp. The Updates tab is now filled with inappropriate and adult content that I never subscribed to. It's frustrating and disturbing, especially when these appear next to my friends' statuses. There is no option to permanently hide or block such channels. WhatsApp must give users full control over what they want to see. Please fix this immediately!",2025-06-13 11:27:28,0
MD JAFAR,5,This is very useful,2025-06-13 11:27:19,0
Anna Wartmann,4,Could you please make it possible to delete the channels? They are just in the way.,2025-06-13 11:27:07,35
Almand Shah,1,fitur lagu di status tidak di sediakan pada saya.,2025-06-13 11:26:58,0
Hani Arain,5,nice ğŸ™‚ app,2025-06-13 11:26:57,0
Kiyo Lizee,5,"Fast, reliable, and easy to use. Perfect for staying connected with family and friends. Never had major issuesâ€”just works.",2025-06-13 11:26:18,1
Sanni Saidu,5,it make me happy especially the day I need money,2025-06-13 11:26:06,0
Pardon Macha,5,this app is a very nice app,2025-06-13 11:25:32,0
Rupali Sangle,1,bogas,2025-06-13 11:25:22,0
Pavan Ambal,5,super cute nice,2025-06-13 11:25:13,0
Ruhalath Beevi,5,we have only nessenger app is this in my country india so iit is good,2025-06-13 11:24:49,0
Santosh Choudhury,5,good,2025-06-13 11:22:46,1
Thabang Mokomane,5,This one of the best apps ever ğŸ¥°ğŸ˜,2025-06-13 11:22:36,0
Mudasir Khan,5,excellent,2025-06-13 11:22:33,0
Hasibul Hasan,5,"WhatsApp is a simple, secure, and ad-free messaging app that makes it easy to stay connected with anyone, anywhere in the world.",2025-06-13 11:21:16,1
mziwethu Nqayi,5,this is an amazing app,2025-06-13 11:20:37,0
Phoebe Audu,5,Wonderful,2025-06-13 11:20:26,0
Laxmip Laxmip,4,good,2025-06-13 11:19:49,0
Fufa Ji,5,badğŸ‘,2025-06-13 11:19:41,0
Dilp kumar Chaudhary Chaudhary,5,à¤«à¤¿à¤° à¤¸à¥‡ à¤°à¤œà¤¿à¤¸à¥à¤Ÿà¤° à¤•à¤°à¤¤à¥‡ à¤¸à¤®à¤¯ SMS à¤¸à¥‡ à¤®à¤¿à¤²à¤¨à¥‡ à¤µà¤¾à¤²à¥‡ OTP à¤•à¥‡ à¤œà¤¼à¤°à¤¿à¤ à¤ªà¤¿à¤¨ à¤à¤¸à¥‡ à¤°à¥€à¤¸à¥‡à¤Ÿ à¤•à¤°à¥‡à¤‚#,2025-06-13 11:19:10,0
Beloved Ayanfe,5,Nice,2025-06-13 11:17:10,0
Kshirad Naik,5,nice,2025-06-13 11:17:03,0
SANDEEP SANDEEP,1,show my watsapp,2025-06-13 11:16:12,0
Tamanna Islam,4,"Dear WhatsApp Support Team, I would like to report a serious issue with the call history timeline in WhatsApp. The call logs are not appearing in correct chronological order. For example, a call made on **24 May** is shown **between calls from 14 and 15 May**, instead of appearing after them. This is not just a minor bug â€” it has real-life consequences. Such misplacement can cause misunderstandings, unnecessary arguments, and even trust issues in personal relationships.",2025-06-13 11:16:01,0
Akash Chaurasiya,1,Status upload quality bad in all prefer (standard or hd quality). I think this error will correct as soon as possible.,2025-06-13 11:15:27,0
Faadumo Maxamed,4,what's app,2025-06-13 11:15:18,0
Vikash yadav,5,best,2025-06-13 11:14:37,1
Diya Tyagi,5,fantastic ğŸ˜,2025-06-13 11:14:34,0
Raja Raja,5,mera what's app hack ho gaya hai,2025-06-13 11:14:19,0
Bausaki Kumar,5,"whatsapp open nahi ho raha hai sorry , sorry",2025-06-13 11:14:17,0
Uday Chaudhary Ji,3,my WhatsApp is not logging OTP is not coming please help me,2025-06-13 11:13:56,0
Kamakshi Malik,4,"Respected authorities of WhatsApp, your application is absolutely amazing in terms of contacting friends and family, but from past 2 days my account is being banned for absolutely no reason and this is the fifth time that it got banned, i request you to kindly fix this problem. Otherwise your app is doing great. i hope you'll look through this",2025-06-13 11:13:29,0
Samiul Pramanik,5,good ğŸ˜Š,2025-06-13 11:13:24,0
Pierre Groenewald,5,ğŸ‘ğŸ‘,2025-06-13 11:13:18,0
Anjali anju,4,Inform update before,2025-06-13 11:12:57,0
GM TARIKUL ISLAM TAREEQ,5,Very Good ğŸ‘,2025-06-13 11:12:14,0
kunj Yadav,1,nice,2025-06-13 11:12:08,0
Bandana Majumder,5,awesome sala,2025-06-13 11:11:53,0
Praise Rf,3,great app so far,2025-06-13 11:11:11,0
Saratu Umar,5,"I really appreciate this application for everything you have did, to me, it's is very good",2025-06-13 11:11:02,1
Akash Randhawa,5,nice app â˜ºï¸ğŸ‘ good job,2025-06-13 11:11:00,0
md emon,5,nice,2025-06-13 11:10:54,0
Vestina Alick Nkhata Botha,5,Chatting with friends,2025-06-13 11:10:10,0
Uche Favour,5,when I open WhatsApp they say update,2025-06-13 11:09:32,0
Nancy Twambo,5,I love whatsapp it is private,2025-06-13 11:08:29,0
Wan Mn,5,Excellent,2025-06-13 11:08:15,0
Peneil Buabeng,2,U love it,2025-06-13 11:07:55,0
Sanwal Khan,5,this is very nice app to chat every time,2025-06-13 11:07:40,0
Matthewprabakaran Vincy,5,good,2025-06-13 11:06:34,0
Hamu Muzika,4,it is very fast for communication,2025-06-13 11:06:27,0
Puledi Ramaphala,1,very bad it can't update the whatsapp and I've deleted other app for space,2025-06-13 11:05:25,0
Akhtar Ali,4,Nice app,2025-06-13 11:05:19,0
Sunita Kumari,5,à¤¥à¥ˆà¤‚à¤• à¤¯à¥‚ à¤µà¥à¤¹à¤¾à¤Ÿà¥à¤¸à¤à¤ª,2025-06-13 11:04:46,0
Melvyn Colaco,1,WhatsApp information sync with Google Contacts is a pain in the neck.,2025-06-13 11:04:10,0
Casey Wekako,5,I really love this app,2025-06-13 11:04:06,0
Aaron Phiri,5,My number doesn't verify on this WhatsApp,2025-06-13 11:03:52,0
Charles Njenga,5,I prefer what app on chats,2025-06-13 11:03:23,0
sarfaraz ahmad,1,"Hello Team Whatsapp I am writing to report that my WhatsApp account has been incorrectly banned due to third Party app. I understand that WhatsApp has policies in place to ban accounts that violate its terms, but I am confident that my account was banned by mistake. I request that you review my account and reinstate it as soon as possible. I am committed to following WhatsApp's policies and will take all necessary steps to prevent any future violations. Please find below the details of my accoun",2025-06-13 11:03:00,0
Ismail muhammad Tahir,5,very very nice & good to me,2025-06-13 11:02:49,0
Sharada Devi,3,good,2025-06-13 11:02:45,0
Abigail Archibong,5,Please don't lock ğŸ”“ my what's app again please,2025-06-13 11:02:04,0
shayan Khan,5,good,2025-06-13 11:02:03,1
juoniter kungu,3,it has an issue in update,2025-06-13 11:02:01,0
Jimii Cket,3,Bgus,2025-06-13 11:01:52,0
Minakshee Narayankar,4,Please add a feature to hide dp from selected people and keep it visible to everyone. I know there is an option to hide from some people but that limits dp to only contacts. If you could add a feature to hide dp without limiting it to contacts that would be great.,2025-06-13 11:01:15,0
Reshma Sajayan,5,Very good app,2025-06-13 11:00:38,0
MD Nijam,4,nice,2025-06-13 10:59:17,0
Ashish Kumar,5,hi bro,2025-06-13 10:58:40,0
carla mateos,4,Es una herramienta de trabajo,2025-06-13 10:58:25,0
Anyim Chika,1,Please I need some support my whatsapp always gets spammed and now when I wanted to verify my number the next thing they told me is that I need the official whatsapp what does this mean please help me,2025-06-13 10:58:11,0
Demore skipper,5,METAğŸ”‚,2025-06-13 10:58:08,0
Hope Mulenga,5,Very good ğŸ‘,2025-06-13 10:58:05,0
Jephthah Onarimi,4,If I'm to post on my status or share a media file WhatsApp doesn't access my entire gallery. it only displays selected parts of the gallery hence I'm forced to go directly to gallery and share from there please work on this,2025-06-13 10:57:48,0
Ali Hamza,5,Nice one,2025-06-13 10:57:26,0
Tapu mondol,5,this app is really amazing,2025-06-13 10:56:59,0
John Pang,5,"very good,",2025-06-13 10:56:39,0
Manju Devi,5,accha hai,2025-06-13 10:56:32,0
Siji As,5,most usebel,2025-06-13 10:54:11,0
Honor Able,1,Tolong akun saya dalam 2 minggu terblokir 3x. Ini sangat mengganggu pekerjaan saya.,2025-06-13 10:54:04,0
Amandeep Singh,5,thank you,2025-06-13 10:53:36,0
Joda Jb,5,this app is amazing and make life easier for communication,2025-06-13 10:53:27,0
Marble mozaic,1,nkt open tthis my account,2025-06-13 10:53:05,0
Dev Sharma,5,"please add reel options like youtube, please add and make money to this reel option",2025-06-13 10:52:06,0
M Mumtaz,5,sanauall,2025-06-13 10:52:03,0
Azaan Wattoo,3,Amazing and very helpful ğŸ¥°ğŸ˜˜,2025-06-13 10:51:28,0
Ali Khan,5,nice one,2025-06-13 10:50:51,0
Imran Ali,4,very good,2025-06-13 10:50:27,0
Shreya Maity,5,"Awesome, Actually updated whatsapp is too good",2025-06-13 10:48:57,0
Jyoti Tiwari,5,good experience,2025-06-13 10:48:56,0
New Generations,1,"1. After the call is connected and within 10 seconds I get a poor connection error every time. Every time I get this poor connection error, after some time I am able to get back to the call automatically. This happens every time. This is a big bug. 2. How to turn off emoji reactions in images and messages in chat? This is a huge headache for me. Every time it pops up and interrupts my normal chat. This is one of the worst feature ever introduced by WhatsApp...",2025-06-13 10:48:50,16706
Habiller Dress cod,5,Good,2025-06-13 10:48:50,0
Gunjan Jha,1,Why you baning my whatsapp group i have to share data to my company staff you banned my group I have to share data after 5 hours so open my group until 5 hours if not you opennwd in 5 hours I case on your foundation,2025-06-13 10:48:38,0
Babulal M,1,In previous day my whatsapp has been locked but i didn't know nothing i do the wrong terms and conditions so please apology my this request and rectify my problem,2025-06-13 10:48:17,0
Arif Khan,5,thank you,2025-06-13 10:47:44,0
Suresh Chouhan,1,"remove button the ""Read all """,2025-06-13 10:47:40,0
Rajib Banchiary,5,good,2025-06-13 10:46:09,0
James Lowe,2,forced update by stopping the app,2025-06-13 10:46:01,0
Kiran Miglani,5,Wonderful,2025-06-13 10:45:21,0
Catherine,1,Forcing Meta AI on us all with no option to return off or hide is pathetic.,2025-06-13 10:44:12,0
khudadost khudadost,5,whatsap was banned my account daily why please check this issue and solve it.if you are new then you don't install Whatsapp please ğŸ¥º carefully â¤ï¸.,2025-06-13 10:44:11,0
Y Yty,4,ok,2025-06-13 10:43:15,0
MISTR BADSA BADSA,5,MOiN khan ha mere ku achlga,2025-06-13 10:41:50,0
Yaso G,1,please help me my whatsapp account recently banned please solve this problem,2025-06-13 10:41:41,0
Muhammad Ssenfuka,4,definitely wonderful,2025-06-13 10:41:25,0
Shamim Din,5,fantastic,2025-06-13 10:41:06,0
Ateelish Elish,2,How to get without simcard,2025-06-13 10:41:02,0
Nokwanda Slindile,1,Quit disappointed because since yesterday I was trying to download whatsapp app but I couldn't and busy telling me that I need official WhatsApp,2025-06-13 10:40:01,0
Ch Tayyab,5,Nice,2025-06-13 10:39:07,0
Mahesh dabad Ahir,5,good,2025-06-13 10:38:22,0
M . L,1,Can't even refresh chats anymore. Useless app.,2025-06-13 10:37:47,103
Hri Day,1,Such a pathetic ğŸ¥². takes every information from common peoples.,2025-06-13 10:37:14,0
Uma Bhatnagar,5,good,2025-06-13 10:36:41,0
Nitu Kumari,4,good,2025-06-13 10:36:12,0
Md Jahid,5,Best,2025-06-13 10:36:06,0
Anitha Bolli,1,not satisfied..ğŸ˜’ğŸ˜’,2025-06-13 10:35:16,0
Swathi Veduruparthi,5,super,2025-06-13 10:34:12,0
Nagendra Naga,5,Good ğŸ˜Š,2025-06-13 10:32:41,0
Priyanshu Kumar,5,Good morning,2025-06-13 10:32:00,0
Rakesh Rakesh,5,exclent,2025-06-13 10:30:14,0
Subhash Yadav,5,good,2025-06-13 10:29:56,0
Sadia Faraz,1,"it's fake,,, scame.",2025-06-13 10:29:33,0
Mhiz Precious,5,very good,2025-06-13 10:29:09,0
Kanwingi Joseph kagina,4,good ğŸ‘,2025-06-13 10:28:59,0
Helen Jones,1,I see no reason why you go about banning number that are linked to non criminal record I expected better from meta,2025-06-13 10:27:37,0
Musaddaq Moon,1,"As soon as I updated WhatsApp, the Face Beauty feature disappeared from my app. This was a very useful feature, especially during video calls â€” it made the face look clear and presentable. Removing this option is a bad decision and extremely disappointing. I strongly request the WhatsApp team to bring back the Face Beauty feature immediately. Taking away user convenience is not acceptable!",2025-06-13 10:26:43,0
Naeem ahmad Saleh,1,I try so many many time to setit up its still not doing any thing why why its not working if somebody ells its ok you help them but me i dont get no help never never you guys dont care at all. no body care,2025-06-13 10:25:21,0
Rosalinda Santos,5,am ris fec gusto ko kumita pra sa asawa ko istrok,2025-06-13 10:25:18,0
Sukhbinder Bedi,5,good,2025-06-13 10:23:24,0
Kitoko Money,5,Good,2025-06-13 10:22:25,0
T Hussain,5,yes baby,2025-06-13 10:22:05,0
Deepak Thakur,4,It is a best aap it is verry fast and top app,2025-06-13 10:21:34,0
Saroj Subba,5,good app,2025-06-13 10:21:26,0
Jan Nthebe,5,"It has everything I need, it makes my life easier",2025-06-13 10:19:54,1
Nishay Booysen,1,because when I got in my whatsapp it go out for no reason,2025-06-13 10:19:36,0
Md sarfe Alam,4,nice app,2025-06-13 10:19:35,0
Ju Elsha,4,"Hi team I have reseve the following message this account can no longer use whatsapp, please help me to fix this problem thank you",2025-06-13 10:18:43,0
Arnav Kapoor,5,Nice and smooth,2025-06-13 10:18:00,0
Sanjeev Kumar,5,very good,2025-06-13 10:17:57,0
Rubina sayyed,5,just awesome,2025-06-13 10:17:52,0
FGMSL FGMSL,5,I don't know if is possible that you add this option to group permission where members don't just tag the group to their status unless the permission allows then to do so...,2025-06-13 10:17:23,0
Raji Mol,5,Good,2025-06-13 10:16:33,0
Anelly Daka,1,Good,2025-06-13 10:16:02,0
Sakaldip Singh,5,this is most time pass app â¤ï¸â€ğŸ©¹ğŸ§¿,2025-06-13 10:15:37,0
Manoj Bhatt,4,no gud mor,2025-06-13 10:14:54,0
Sushil Choudhary,5,good,2025-06-13 10:13:04,0
Naeem Diwan,3,"Need more feature updates in a whatsapp channel, as this is now our primary source of income..",2025-06-13 10:12:55,0
Connect,5,I'm going to know why they block my WhatsApp messages,2025-06-13 10:12:26,0
Sayyar Ahmed Khan,5,please add a option to hide or show whatsapp chennal,2025-06-13 10:11:56,0
Furqan 125,5,Nice app,2025-06-13 10:11:27,0
Ashan Shanuka,5,Good,2025-06-13 10:11:11,0
Adedeji Abdulhakeem,4,Best message app ever,2025-06-13 10:10:57,0
trisha sharma,5,not good,2025-06-13 10:10:49,0
Pratik 1215,1,"I'm seriously disappointed with WhatsApp. My number was suddenly banned without any warning or proper explanation. I tried emailing support multiple times, but got no reply. This is unfair and frustrating Iâ€™ve used WhatsApp for years without breaking any rules! There's no way to contact a human, and the automated system just ignores users. We trust this app for important communication, and this is how users are treated? Pathetic support. At least give users a chance to explain. Do better, Wtsap",2025-06-13 10:10:39,0
Manisha Bordoloi,5,Its very good app,2025-06-13 10:10:38,0
Rita Oram,5,WhatsApp new launch app with transformer WhatsApp is so amazing,2025-06-13 10:10:20,0
Kalyana Sundaram,1,Every day there is a pop up message showing voice chat in any of the groups. Please deactivate this option as senior people don't know how to stop it and there's no control to end voice chat by the admins. It's irritating. Please stop voice chats in groups,2025-06-13 10:09:35,1
Ishani Saha,5,very good experience for me!! you will love this app,2025-06-13 10:08:03,0
PRABHU RAM BHATTI,5,exp.ok,2025-06-13 10:06:22,0
SHORYA KUMAR,3,dekhta hu,2025-06-13 10:05:40,0
Isaac Ngona,5,Becouse it has voice massage and whats app.massage video call,2025-06-13 10:04:18,0
gta Rashid khan,1,this is not private,2025-06-13 10:03:37,0
Jinugu Chandrashekar,5,nice,2025-06-13 10:02:40,0
Nishat Khan,5,good,2025-06-13 10:02:36,0
Rasel Ali,5,good,2025-06-13 10:02:14,0
Rafia Shaikh,1,my seven year old no is banned pls help,2025-06-13 10:02:11,0
Aunj Kumar,5,waw,2025-06-13 10:02:09,0
Lebohang Maseko,5,best app for chatting,2025-06-13 10:01:39,0
Godwin Dura,4,Nice,2025-06-13 10:01:33,1
Mohd Arman,3,Good,2025-06-13 10:01:31,0
Prem Bahadur,5,à¤µà¥à¤¹à¤¾à¤Ÿà¥à¤¸à¤à¤ª à¤²à¥‹à¤¡ à¤¹à¥‹à¤¨à¥‡ à¤•à¥‡ à¤²à¤¿à¤,2025-06-13 09:58:37,0
Manaranjan Tudu,5,good,2025-06-13 09:58:16,0
Thomas,4,Keeping privacy with cell phone updated and upgrading is good for my updating privacy,2025-06-13 09:57:12,0
Om Prakash Verma,5,good 5000,2025-06-13 09:56:57,0
Vakiteevdeepika Vakiteevsathvika,5,good,2025-06-13 09:56:07,0
Anita Chavan,5,nice,2025-06-13 09:54:43,0
Kevin Ntakirutimana,5,6 mois,2025-06-13 09:54:01,0
Dilip Kumar Das,5,fine,2025-06-13 09:52:54,0
Sana Ansari,4,good and safe,2025-06-13 09:52:24,0
Anil Kumar,5,good,2025-06-13 09:51:56,0
Samar Das,3,"privacy lock is lagging, unable to open whatsapp",2025-06-13 09:51:49,0
Usman Khan,5,WhatsApp pin lock ğŸ”,2025-06-13 09:50:14,0
Keshar Ahirwar,5,good,2025-06-13 09:50:01,0
Dineshkumar Kalaimani,5,nice for daily msg sending nd received if anyone asked by phone call definitely update their thoughts,2025-06-13 09:49:48,0
muhammad hilal,1,please help me out to unblock My Whatsapp account I am facing problem in my studies I didn't do anything against Whatsapp policies.please unlock My account. Actually My mobile has been stolen named Moto E4 plus but now I'm using vivo y17.,2025-06-13 09:49:31,0
shah alam,5,Ok,2025-06-13 09:49:20,0
Shyam Sunder Sharma,5,exllent,2025-06-13 09:49:17,0
Farooque Shaikh,5,Good,2025-06-13 09:48:56,0
Matladi Relebogile,5,i like to text my mom,2025-06-13 09:48:53,0
Chetan Pawar,5,Very bad whatsapp.. you decresed status Time from 30 sec to 15 sec.. ğŸ˜,2025-06-13 09:48:48,0
Kayla Absolam,5,good results so farâ¤ï¸,2025-06-13 09:48:42,0
Hina Kainat,5,good,2025-06-13 09:47:36,0
Shiva Nirojan,5,nice app,2025-06-13 09:45:19,0
shreelekha 2005,5,ğŸ˜ğŸ˜ğŸ˜,2025-06-13 09:45:06,0
Khalid Meo,5,its Wonder full app for contacting friend,2025-06-13 09:44:50,0
Bansilal Kumar,5,this app is good,2025-06-13 09:44:20,0
Rajya Laxmi,5,good,2025-06-13 09:43:00,0
Raju Kumar,1,I didn't liked latest update,2025-06-13 09:41:22,0
Kakali Samanta,5,outstanding,2025-06-13 09:40:58,0
Radha Rawat,5,very nice and good app,2025-06-13 09:39:55,0
Lipika Dey,5,à¦†à¦®à¦¿ à¦†à¦®à¦¾à¦° à¦«à§‹à¦¨à§‡ à¦à¦‡ à¦†à§à¦¯à¦ª à¦Ÿà¦¾ à¦¬à¦¾à¦° à¦•à¦°à¦¤à§‡ à¦ªà¦¾à¦°à§‡ à¦¨à¦¾ à¦•à§‡à¦¨,2025-06-13 09:39:29,0
Khan Uk,5,wow,2025-06-13 09:38:56,0
Simlindile Ntuli,5,good app,2025-06-13 09:38:36,0
ARaS perlis,4,at the end of reading the message.. if you keep scrolling down.. it makes a call directly to the group.. please remove that function because in many groups there are many calls from the wrong group scroll down...tq,2025-06-13 09:38:36,0
Abu bakr,1,my what'sapp is no longer in use due to spam,2025-06-13 09:37:41,0
Badal Gaskar,5,call,2025-06-13 09:36:47,0
N. V,4,I wish they add a feature akin to snooze to be reminded at future or to schedule messages to be sent in future or some sort of reminder,2025-06-13 09:34:51,0
Morris Birihanze,5,it's wonderful app,2025-06-13 09:33:22,0
Oplos Bdsat,5,Quiero Aser una llamadas de la,2025-06-13 09:31:56,0
ZALA virendrasinh,1,status time problem old status frist show and new status is after show,2025-06-13 09:31:38,0
luana Sanchez,5,very good ğŸ‘ğŸ˜Š,2025-06-13 09:31:11,0
Pravat Ghosh,1,my WhatsApp account temporary Ben after 2 days I was mail WhatsApp team but no respond,2025-06-13 09:28:56,0
Kartik Patel,5,ok,2025-06-13 09:27:06,0
John Okusanya,5,excellent app for everyone,2025-06-13 09:26:59,0
LUYINDA HERMAN,5,It's Good to use this WhatsApp,2025-06-13 09:26:32,0
HARIETY MAPULANGA,2,some times does not work well.,2025-06-13 09:25:34,0
zubaer hossain,5,sundor,2025-06-13 09:25:06,0
Tobi adubi,1,Why won't Whatsapp show all my album when I'm trying to post? It's absolutely frustrating looking for a particular photo/video among more than 15k media Please fix,2025-06-13 09:24:22,0
Khawand dino Koondhar,5,Good good good very nice,2025-06-13 09:24:11,0
Nasir Soomro,1,bar bar WhatsApp block kar dete Hain main juice kaise,2025-06-13 09:23:49,0
Prasad P,5,really this so great app you can download this appğŸ˜Š,2025-06-13 09:23:19,1
akshita Kumari,5,in a safety purpose this app is good,2025-06-13 09:23:07,0
Nathi Bunge,3,"I like this app but when I am typing my storage always says that its full then I discovered that it deserves 3 stars, then I love facebook than this app, but facebook sometimes says that I need 10MB then I get frustratedğŸ˜ˆğŸ¤«",2025-06-13 09:21:35,0
Mureen Black,5,good,2025-06-13 09:21:30,0
Shir,5,Ø¹Ø§Ù„ÛŒ,2025-06-13 09:21:22,0
Askandor Mohammed,5,i love you ğŸ¥·ğŸ‘ğŸ¥°ğŸ’–,2025-06-13 09:21:15,0
Sneha ETP,5,Very good,2025-06-13 09:20:19,0
Sumit NisaD RAJ,5,Good,2025-06-13 09:19:28,0
Sabir Hasan,5,amazing application,2025-06-13 09:19:22,0
Rifda Nadhifa,3,Gk bisa ngirim sticker sama gambar woy lah,2025-06-13 09:18:22,0
Mohsin dasti,2,good,2025-06-13 09:17:00,0
Venkateshwar Reddy,1,not bad,2025-06-13 09:14:50,0
A Google user,5,New update is so awesome ğŸ”¥,2025-06-13 09:14:41,0
Pista Devi,5,nice,2025-06-13 09:14:25,0
Jimhel Panigua,5,Live video online,2025-06-13 09:13:39,0
Aisha Dhori,5,ok,2025-06-13 09:11:41,0
Akhtar zaib,5,"""Dear WhatsApp Team, I appreciate the platform and would like to suggest the addition of new features that could enhance user experience.",2025-06-13 09:10:52,0
Philemon Palangen,5,Good and interesting,2025-06-13 09:10:39,0
Yadagiri Sura,4,nice,2025-06-13 09:09:04,0
mst julekha (julekha),5,good,2025-06-13 09:08:12,0
Jigar Od,5,good,2025-06-13 09:07:37,0
Md Shahjahan Meah,5,Nice ğŸ‘ ğŸ‘ğŸ‘,2025-06-13 09:06:43,1
Ginalyn Quebec,5,i need to use this app,2025-06-13 09:06:11,0
Haiqa Hazry,1,"i can't add song in my status, please fix my whatsapp",2025-06-13 09:04:40,0
Darlyn Pelico,5,muy bueno ğŸ‘,2025-06-13 09:03:54,0
Ashok Thakkar,5,good,2025-06-13 09:03:10,0
Ajay Dabhi,3,Nise,2025-06-13 09:02:53,0
Zunaid_qureshi,5,Best,2025-06-13 09:02:29,0
Daniyal Baloch,1,I am trying to verify my number on WhatsApp but not receiving verification code. please fixed this problem pleaseğŸ™,2025-06-13 09:02:27,0
Arun kaka Gavitre,5,good ğŸ‘ŒğŸ‘,2025-06-13 09:02:11,0
King Nice,5,All my chat did not backup I have missing chat and couldn't recover my stickers I need help,2025-06-13 09:01:59,0
Govinda Kumar,5,my Whatsapp Account is Ban,2025-06-13 09:01:43,0
Enaad Najjar,3,"Thank you for such service yet I have big thing to comment about with this service as a source of meta product and your partner or partners while you both share provide that service mainly you partially them, Whatsapp in my device been used in away illegally to harm me by your partner inva adl all protocols up to life threatening, I showed resilience , it's repeatable till now from year and three months, limit is done , harm targeting is confirmed with evidences. help pls",2025-06-13 09:00:59,0
Naziya Dada khalander,1,Not nice,2025-06-13 09:00:44,0
Srinivas Rao Yerra,5,good,2025-06-13 09:00:34,0
Oscar Chomba,3,Nice,2025-06-13 08:59:48,0
Larry Navarro,5,sending pictures on Android trys to trim video - whatsapp no issues. =),2025-06-13 08:59:46,1
skating on my manager,1,HOW IS THERE TEN BILLION DOWNLOADS WHEN THERES only EIGHT BILLION PEOPLE IN THE WORLD.WHATSAPP IS REVIVNG THE DEAD WITH THEIR KNOWLEDGE ğŸ˜±,2025-06-13 08:59:11,0
Cesar join Gonzalez garcia,5,Go buenas aplicasiones,2025-06-13 08:58:28,0
Shoaib Sk,5,very good App video call chat and any thing very good and fast,2025-06-13 08:58:09,0
Subir Das,5,very good,2025-06-13 08:58:09,0
Sayeda Azka,5,good job,2025-06-13 08:57:35,0
Kharendwe Mudogwa,4,Perfect,2025-06-13 08:57:16,0
Ali Khan sherpao,1,unban Whatsapp,2025-06-13 08:57:08,0
Bilal Bilal gondal,5,good,2025-06-13 08:56:46,0
Ganesh Mahanand,1,good,2025-06-13 08:56:33,0
kelly chin,5,"suka banget sama fitur lock chat nya, tolong adakan fitur riwayat telpon di lock khusus chat yang kita lock",2025-06-13 08:55:54,0
Father Arshad,5,good,2025-06-13 08:54:28,0
Manju Bairwa Manju,5,excellent aap,2025-06-13 08:53:42,0
Dhanu Dhanush,5,super,2025-06-13 08:53:38,0
Anil Yadav,5,WhatsApp open,2025-06-13 08:52:58,1
Ayush Goyal,5,the Best,2025-06-13 08:50:56,1
Papa Rayudu,5,very good app but update problem,2025-06-13 08:50:20,0
Udaydri Pokala,4,good,2025-06-13 08:50:17,0
Reyhanh Ghorbannjad,1,Ø¬Ø§Ø³ÙˆØ³Ø§,2025-06-13 08:50:07,0
Nousher khan Nousher khan,3,"I should give 5 satr ratting, why i giving 3 start because last year's to my whatsaap service just going on breaking n disturbing by whatsaap team, some time my I'd has been 3 day good moving n 4th day to block,,, that's why I gived 3star , why that behavior, get me like this last 1 n hlf year plz explain I wnt to know it",2025-06-13 08:49:47,0
Ram kishor Bharti,1,good,2025-06-13 08:47:45,0
Ramsingh Yadav,1,it's not working properly,2025-06-13 08:45:38,0
ShivaRanjini ShivaRanjini,1,can open,2025-06-13 08:45:23,0
Muhammad Younus,5,good,2025-06-13 08:44:44,0
Zul Rex,1,to many private chat or lock chat.. it easy to make people cheating with they lover..,2025-06-13 08:44:28,0
Nabin Pun,5,good,2025-06-13 08:44:24,0
Sonam Sonam,5,what's up chat on still device problem h on nhi ho Raha h whatsup,2025-06-13 08:44:14,1
Dimas ._,2,"Please, don't too much compress the resolution video & photo status WA on android",2025-06-13 08:43:37,0
Tuli Das,5,"This app is very best all massages and videos call, photos sent that is very private and time to time updated massage sent.",2025-06-13 08:43:06,0
Sanjay Gaikwad,5,ğŸ˜,2025-06-13 08:43:04,0
Guru Maaran,5,Good,2025-06-13 08:42:36,0
